{
	"type": "bbox",
	"copyright": "seadronix corp.",
	"date": "20210120_143400",
	"verification": false,
	"image": {
		"file_name": "1570175049_0.png",
		"width": 3840,
		"height": 2160
	},
	"annotations": [
		{
			"id": 0,
			"category_id": 1,
			"xmin": 966.0,
			"ymin": 1600.0,
			"width": 49.0,
			"height": 93.0
		},
		{
			"id": 1,
			"category_id": 1,
			"xmin": 1305.0,
			"ymin": 1242.0,
			"width": 18.0,
			"height": 54.0
		},
		{
			"id": 2,
			"category_id": 1,
			"xmin": 1322.0,
			"ymin": 1239.0,
			"width": 25.0,
			"height": 57.0
		},
		{
			"id": 3,
			"category_id": 1,
			"xmin": 1347.0,
			"ymin": 1221.0,
			"width": 17.0,
			"height": 56.0
		},
		{
			"id": 4,
			"category_id": 1,
			"xmin": 1409.0,
			"ymin": 1181.0,
			"width": 21.0,
			"height": 29.0
		},
		{
			"id": 5,
			"category_id": 1,
			"xmin": 1328.0,
			"ymin": 1021.0,
			"width": 15.0,
			"height": 37.0
		},
		{
			"id": 6,
			"category_id": 1,
			"xmin": 1387.0,
			"ymin": 1199.0,
			"width": 20.0,
			"height": 25.0
		},
		{
			"id": 7,
			"category_id": 1,
			"xmin": 1432.0,
			"ymin": 1142.0,
			"width": 11.0,
			"height": 23.0
		}
	]
}