{
	"type": "bbox",
	"copyright": "seadronix corp.",
	"date": "20210120_143335",
	"verification": false,
	"image": {
		"file_name": "1570152210_0.png",
		"width": 3840,
		"height": 2160
	},
	"annotations": [
		{
			"id": 0,
			"category_id": 1,
			"xmin": 1841.0,
			"ymin": 1164.0,
			"width": 22.0,
			"height": 33.0
		},
		{
			"id": 1,
			"category_id": 1,
			"xmin": 1472.0,
			"ymin": 989.0,
			"width": 20.0,
			"height": 20.0
		},
		{
			"id": 2,
			"category_id": 1,
			"xmin": 1116.0,
			"ymin": 1197.0,
			"width": 14.0,
			"height": 30.0
		},
		{
			"id": 3,
			"category_id": 1,
			"xmin": 1096.0,
			"ymin": 1199.0,
			"width": 19.0,
			"height": 26.0
		},
		{
			"id": 4,
			"category_id": 1,
			"xmin": 958.0,
			"ymin": 948.0,
			"width": 14.0,
			"height": 33.0
		},
		{
			"id": 5,
			"category_id": 1,
			"xmin": 921.0,
			"ymin": 963.0,
			"width": 13.0,
			"height": 31.0
		},
		{
			"id": 6,
			"category_id": 1,
			"xmin": 672.0,
			"ymin": 1042.0,
			"width": 17.0,
			"height": 32.0
		},
		{
			"id": 7,
			"category_id": 1,
			"xmin": 218.0,
			"ymin": 1839.0,
			"width": 62.0,
			"height": 116.0
		},
		{
			"id": 8,
			"category_id": 1,
			"xmin": 1672.0,
			"ymin": 1324.0,
			"width": 18.0,
			"height": 60.0
		},
		{
			"id": 9,
			"category_id": 1,
			"xmin": 874.0,
			"ymin": 934.0,
			"width": 19.0,
			"height": 32.0
		},
		{
			"id": 10,
			"category_id": 1,
			"xmin": 1749.0,
			"ymin": 1183.0,
			"width": 16.0,
			"height": 23.0
		}
	]
}