{
	"type": "bbox",
	"copyright": "seadronix corp.",
	"date": "20210120_143332",
	"verification": false,
	"image": {
		"file_name": "1570152206_0.png",
		"width": 3840,
		"height": 2160
	},
	"annotations": [
		{
			"id": 1,
			"category_id": 1,
			"xmin": 1473.0,
			"ymin": 988.0,
			"width": 13.0,
			"height": 20.0
		},
		{
			"id": 2,
			"category_id": 1,
			"xmin": 1102.0,
			"ymin": 1188.0,
			"width": 16.0,
			"height": 32.0
		},
		{
			"id": 3,
			"category_id": 1,
			"xmin": 1113.0,
			"ymin": 1196.0,
			"width": 19.0,
			"height": 26.0
		},
		{
			"id": 4,
			"category_id": 1,
			"xmin": 877.0,
			"ymin": 933.0,
			"width": 15.0,
			"height": 34.0
		},
		{
			"id": 5,
			"category_id": 1,
			"xmin": 922.0,
			"ymin": 963.0,
			"width": 22.0,
			"height": 36.0
		},
		{
			"id": 6,
			"category_id": 1,
			"xmin": 952.0,
			"ymin": 948.0,
			"width": 20.0,
			"height": 34.0
		},
		{
			"id": 7,
			"category_id": 1,
			"xmin": 674.0,
			"ymin": 1041.0,
			"width": 14.0,
			"height": 34.0
		},
		{
			"id": 8,
			"category_id": 1,
			"xmin": 212.0,
			"ymin": 1837.0,
			"width": 72.0,
			"height": 119.0
		},
		{
			"id": 9,
			"category_id": 1,
			"xmin": 1589.0,
			"ymin": 1289.0,
			"width": 23.0,
			"height": 58.0
		},
		{
			"id": 10,
			"category_id": 1,
			"xmin": 1754.0,
			"ymin": 1183.0,
			"width": 17.0,
			"height": 24.0
		}
	]
}