{
	"type": "bbox",
	"copyright": "seadronix corp.",
	"date": "20210120_143338",
	"verification": false,
	"image": {
		"file_name": "1570152222_0.png",
		"width": 3840,
		"height": 2160
	},
	"annotations": [
		{
			"id": 0,
			"category_id": 1,
			"xmin": 1785.0,
			"ymin": 1171.0,
			"width": 11.0,
			"height": 44.0
		},
		{
			"id": 1,
			"category_id": 1,
			"xmin": 899.0,
			"ymin": 930.0,
			"width": 12.0,
			"height": 33.0
		},
		{
			"id": 2,
			"category_id": 1,
			"xmin": 913.0,
			"ymin": 962.0,
			"width": 16.0,
			"height": 31.0
		},
		{
			"id": 3,
			"category_id": 1,
			"xmin": 1112.0,
			"ymin": 1190.0,
			"width": 22.0,
			"height": 33.0
		},
		{
			"id": 4,
			"category_id": 1,
			"xmin": 1094.0,
			"ymin": 1198.0,
			"width": 19.0,
			"height": 25.0
		},
		{
			"id": 6,
			"category_id": 1,
			"xmin": 654.0,
			"ymin": 1638.0,
			"width": 40.0,
			"height": 98.0
		},
		{
			"id": 7,
			"category_id": 1,
			"xmin": 1592.0,
			"ymin": 1431.0,
			"width": 17.0,
			"height": 73.0
		},
		{
			"id": 8,
			"category_id": 1,
			"xmin": 1863.0,
			"ymin": 1160.0,
			"width": 15.0,
			"height": 24.0
		},
		{
			"id": 9,
			"category_id": 1,
			"xmin": 1472.0,
			"ymin": 991.0,
			"width": 14.0,
			"height": 18.0
		}
	]
}