{
	"type": "bbox",
	"copyright": "seadronix corp.",
	"date": "20210120_143401",
	"verification": false,
	"image": {
		"file_name": "1570175058_0.png",
		"width": 3840,
		"height": 2160
	},
	"annotations": [
		{
			"id": 0,
			"category_id": 1,
			"xmin": 1022.0,
			"ymin": 1563.0,
			"width": 34.0,
			"height": 81.0
		},
		{
			"id": 1,
			"category_id": 1,
			"xmin": 1031.0,
			"ymin": 1507.0,
			"width": 41.0,
			"height": 68.0
		},
		{
			"id": 2,
			"category_id": 1,
			"xmin": 1098.0,
			"ymin": 1463.0,
			"width": 38.0,
			"height": 83.0
		},
		{
			"id": 3,
			"category_id": 1,
			"xmin": 1323.0,
			"ymin": 1200.0,
			"width": 17.0,
			"height": 55.0
		},
		{
			"id": 4,
			"category_id": 1,
			"xmin": 1351.0,
			"ymin": 1235.0,
			"width": 16.0,
			"height": 48.0
		},
		{
			"id": 5,
			"category_id": 1,
			"xmin": 1412.0,
			"ymin": 1174.0,
			"width": 14.0,
			"height": 34.0
		},
		{
			"id": 6,
			"category_id": 1,
			"xmin": 1292.0,
			"ymin": 1010.0,
			"width": 15.0,
			"height": 25.0
		}
	]
}