{
	"type": "bbox",
	"copyright": "seadronix corp.",
	"date": "20210120_143358",
	"verification": false,
	"image": {
		"file_name": "1570175029_0.png",
		"width": 3840,
		"height": 2160
	},
	"annotations": [
		{
			"id": 0,
			"category_id": 1,
			"xmin": 797.0,
			"ymin": 1669.0,
			"width": 43.0,
			"height": 101.0
		},
		{
			"id": 1,
			"category_id": 1,
			"xmin": 874.0,
			"ymin": 1651.0,
			"width": 37.0,
			"height": 112.0
		},
		{
			"id": 2,
			"category_id": 1,
			"xmin": 1242.0,
			"ymin": 1316.0,
			"width": 28.0,
			"height": 68.0
		},
		{
			"id": 3,
			"category_id": 1,
			"xmin": 1356.0,
			"ymin": 1206.0,
			"width": 14.0,
			"height": 48.0
		},
		{
			"id": 4,
			"category_id": 1,
			"xmin": 1348.0,
			"ymin": 1188.0,
			"width": 15.0,
			"height": 42.0
		},
		{
			"id": 5,
			"category_id": 1,
			"xmin": 1352.0,
			"ymin": 1116.0,
			"width": 17.0,
			"height": 42.0
		},
		{
			"id": 6,
			"category_id": 1,
			"xmin": 1419.0,
			"ymin": 1182.0,
			"width": 13.0,
			"height": 23.0
		},
		{
			"id": 7,
			"category_id": 1,
			"xmin": 1668.0,
			"ymin": 1166.0,
			"width": 21.0,
			"height": 54.0
		},
		{
			"id": 8,
			"category_id": 1,
			"xmin": 1417.0,
			"ymin": 1139.0,
			"width": 23.0,
			"height": 27.0
		}
	]
}