{
	"type": "bbox",
	"copyright": "seadronix corp.",
	"date": "20210120_143338",
	"verification": false,
	"image": {
		"file_name": "1570152223_0.png",
		"width": 3840,
		"height": 2160
	},
	"annotations": [
		{
			"id": 0,
			"category_id": 1,
			"xmin": 1860.0,
			"ymin": 1140.0,
			"width": 14.0,
			"height": 47.0
		},
		{
			"id": 2,
			"category_id": 1,
			"xmin": 1472.0,
			"ymin": 991.0,
			"width": 17.0,
			"height": 17.0
		},
		{
			"id": 3,
			"category_id": 1,
			"xmin": 1115.0,
			"ymin": 1194.0,
			"width": 20.0,
			"height": 29.0
		},
		{
			"id": 4,
			"category_id": 1,
			"xmin": 1096.0,
			"ymin": 1199.0,
			"width": 17.0,
			"height": 20.0
		},
		{
			"id": 5,
			"category_id": 1,
			"xmin": 913.0,
			"ymin": 963.0,
			"width": 16.0,
			"height": 34.0
		},
		{
			"id": 7,
			"category_id": 1,
			"xmin": 904.0,
			"ymin": 929.0,
			"width": 15.0,
			"height": 32.0
		},
		{
			"id": 8,
			"category_id": 1,
			"xmin": 765.0,
			"ymin": 1583.0,
			"width": 41.0,
			"height": 106.0
		},
		{
			"id": 9,
			"category_id": 1,
			"xmin": 1577.0,
			"ymin": 1438.0,
			"width": 18.0,
			"height": 69.0
		},
		{
			"id": 8,
			"category_id": 1,
			"xmin": 1800.0,
			"ymin": 1178.0,
			"width": 17.0,
			"height": 21.0
		}
	]
}