{
	"type": "bbox",
	"copyright": "seadronix corp.",
	"date": "20210120_143347",
	"verification": false,
	"image": {
		"file_name": "1570152248_0.png",
		"width": 3840,
		"height": 2160
	},
	"annotations": [
		{
			"id": 0,
			"category_id": 1,
			"xmin": 1661.0,
			"ymin": 1340.0,
			"width": 15.0,
			"height": 69.0
		},
		{
			"id": 2,
			"category_id": 1,
			"xmin": 1754.0,
			"ymin": 1182.0,
			"width": 17.0,
			"height": 41.0
		},
		{
			"id": 3,
			"category_id": 1,
			"xmin": 938.0,
			"ymin": 956.0,
			"width": 13.0,
			"height": 32.0
		},
		{
			"id": 4,
			"category_id": 1,
			"xmin": 860.0,
			"ymin": 977.0,
			"width": 20.0,
			"height": 25.0
		},
		{
			"id": 6,
			"category_id": 1,
			"xmin": 1140.0,
			"ymin": 1238.0,
			"width": 17.0,
			"height": 57.0
		},
		{
			"id": 7,
			"category_id": 1,
			"xmin": 1113.0,
			"ymin": 1200.0,
			"width": 22.0,
			"height": 23.0
		},
		{
			"id": 8,
			"category_id": 1,
			"xmin": 1098.0,
			"ymin": 1200.0,
			"width": 15.0,
			"height": 25.0
		},
		{
			"id": 7,
			"category_id": 1,
			"xmin": 1827.0,
			"ymin": 1171.0,
			"width": 14.0,
			"height": 31.0
		},
		{
			"id": 8,
			"category_id": 1,
			"xmin": 746.0,
			"ymin": 1075.0,
			"width": 20.0,
			"height": 34.0
		}
	]
}