{
	"type": "bbox",
	"copyright": "seadronix corp.",
	"date": "20210120_143359",
	"verification": false,
	"image": {
		"file_name": "1570175040_0.png",
		"width": 3840,
		"height": 2160
	},
	"annotations": [
		{
			"id": 0,
			"category_id": 1,
			"xmin": 1786.0,
			"ymin": 1168.0,
			"width": 19.0,
			"height": 48.0
		},
		{
			"id": 1,
			"category_id": 1,
			"xmin": 1411.0,
			"ymin": 1183.0,
			"width": 15.0,
			"height": 28.0
		},
		{
			"id": 2,
			"category_id": 1,
			"xmin": 1303.0,
			"ymin": 1088.0,
			"width": 16.0,
			"height": 38.0
		},
		{
			"id": 3,
			"category_id": 1,
			"xmin": 1352.0,
			"ymin": 1232.0,
			"width": 17.0,
			"height": 45.0
		},
		{
			"id": 4,
			"category_id": 1,
			"xmin": 1341.0,
			"ymin": 1222.0,
			"width": 15.0,
			"height": 56.0
		},
		{
			"id": 5,
			"category_id": 1,
			"xmin": 1256.0,
			"ymin": 1269.0,
			"width": 23.0,
			"height": 62.0
		},
		{
			"id": 6,
			"category_id": 1,
			"xmin": 1247.0,
			"ymin": 1314.0,
			"width": 19.0,
			"height": 65.0
		},
		{
			"id": 7,
			"category_id": 1,
			"xmin": 1229.0,
			"ymin": 1306.0,
			"width": 20.0,
			"height": 65.0
		},
		{
			"id": 8,
			"category_id": 1,
			"xmin": 1406.0,
			"ymin": 1129.0,
			"width": 31.0,
			"height": 21.0
		}
	]
}