{
	"type": "bbox",
	"copyright": "seadronix corp.",
	"date": "20210120_143402",
	"verification": false,
	"image": {
		"file_name": "1570175060_0.png",
		"width": 3840,
		"height": 2160
	},
	"annotations": [
		{
			"id": 0,
			"category_id": 1,
			"xmin": 1412.0,
			"ymin": 1174.0,
			"width": 13.0,
			"height": 35.0
		},
		{
			"id": 1,
			"category_id": 1,
			"xmin": 1333.0,
			"ymin": 1195.0,
			"width": 14.0,
			"height": 53.0
		},
		{
			"id": 2,
			"category_id": 1,
			"xmin": 1351.0,
			"ymin": 1245.0,
			"width": 20.0,
			"height": 35.0
		},
		{
			"id": 3,
			"category_id": 1,
			"xmin": 1064.0,
			"ymin": 1484.0,
			"width": 36.0,
			"height": 78.0
		},
		{
			"id": 4,
			"category_id": 1,
			"xmin": 1055.0,
			"ymin": 1528.0,
			"width": 38.0,
			"height": 90.0
		},
		{
			"id": 5,
			"category_id": 1,
			"xmin": 1002.0,
			"ymin": 1537.0,
			"width": 31.0,
			"height": 83.0
		},
		{
			"id": 6,
			"category_id": 1,
			"xmin": 1293.0,
			"ymin": 1012.0,
			"width": 19.0,
			"height": 23.0
		},
		{
			"id": 7,
			"category_id": 1,
			"xmin": 1756.0,
			"ymin": 1185.0,
			"width": 14.0,
			"height": 31.0
		}
	]
}