{
	"type": "bbox",
	"copyright": "seadronix corp.",
	"date": "20210120_143356",
	"verification": false,
	"image": {
		"file_name": "1570175025_0.png",
		"width": 3840,
		"height": 2160
	},
	"annotations": [
		{
			"id": 0,
			"category_id": 1,
			"xmin": 1780.0,
			"ymin": 1174.0,
			"width": 13.0,
			"height": 47.0
		},
		{
			"id": 1,
			"category_id": 1,
			"xmin": 1457.0,
			"ymin": 1123.0,
			"width": 14.0,
			"height": 24.0
		},
		{
			"id": 2,
			"category_id": 1,
			"xmin": 1398.0,
			"ymin": 1182.0,
			"width": 20.0,
			"height": 36.0
		},
		{
			"id": 3,
			"category_id": 1,
			"xmin": 1413.0,
			"ymin": 1174.0,
			"width": 15.0,
			"height": 28.0
		},
		{
			"id": 4,
			"category_id": 1,
			"xmin": 1353.0,
			"ymin": 1116.0,
			"width": 16.0,
			"height": 37.0
		},
		{
			"id": 5,
			"category_id": 1,
			"xmin": 1342.0,
			"ymin": 1234.0,
			"width": 21.0,
			"height": 58.0
		},
		{
			"id": 6,
			"category_id": 1,
			"xmin": 1128.0,
			"ymin": 1432.0,
			"width": 35.0,
			"height": 79.0
		},
		{
			"id": 7,
			"category_id": 1,
			"xmin": 730.0,
			"ymin": 1793.0,
			"width": 55.0,
			"height": 82.0
		},
		{
			"id": 8,
			"category_id": 1,
			"xmin": 647.0,
			"ymin": 1814.0,
			"width": 81.0,
			"height": 66.0
		},
		{
			"id": 9,
			"category_id": 1,
			"xmin": 1418.0,
			"ymin": 1140.0,
			"width": 15.0,
			"height": 30.0
		}
	]
}