{
	"type": "bbox",
	"copyright": "seadronix corp.",
	"date": "20210120_143333",
	"verification": false,
	"image": {
		"file_name": "1570152207_0.png",
		"width": 3840,
		"height": 2160
	},
	"annotations": [
		{
			"id": 0,
			"category_id": 1,
			"xmin": 674.0,
			"ymin": 1041.0,
			"width": 14.0,
			"height": 32.0
		},
		{
			"id": 1,
			"category_id": 1,
			"xmin": 925.0,
			"ymin": 961.0,
			"width": 18.0,
			"height": 32.0
		},
		{
			"id": 2,
			"category_id": 1,
			"xmin": 956.0,
			"ymin": 949.0,
			"width": 16.0,
			"height": 33.0
		},
		{
			"id": 3,
			"category_id": 1,
			"xmin": 1095.0,
			"ymin": 1186.0,
			"width": 20.0,
			"height": 36.0
		},
		{
			"id": 4,
			"category_id": 1,
			"xmin": 1111.0,
			"ymin": 1195.0,
			"width": 21.0,
			"height": 43.0
		},
		{
			"id": 5,
			"category_id": 1,
			"xmin": 1472.0,
			"ymin": 990.0,
			"width": 12.0,
			"height": 18.0
		},
		{
			"id": 6,
			"category_id": 1,
			"xmin": 1790.0,
			"ymin": 1157.0,
			"width": 16.0,
			"height": 41.0
		},
		{
			"id": 7,
			"category_id": 1,
			"xmin": 1756.0,
			"ymin": 1178.0,
			"width": 13.0,
			"height": 33.0
		},
		{
			"id": 8,
			"category_id": 1,
			"xmin": 1609.0,
			"ymin": 1298.0,
			"width": 25.0,
			"height": 58.0
		},
		{
			"id": 9,
			"category_id": 1,
			"xmin": 218.0,
			"ymin": 1838.0,
			"width": 59.0,
			"height": 116.0
		},
		{
			"id": 10,
			"category_id": 1,
			"xmin": 881.0,
			"ymin": 937.0,
			"width": 13.0,
			"height": 29.0
		}
	]
}