{
	"type": "bbox",
	"copyright": "seadronix corp.",
	"date": "20210120_143350",
	"verification": false,
	"image": {
		"file_name": "1570152255_0.png",
		"width": 3840,
		"height": 2160
	},
	"annotations": [
		{
			"id": 0,
			"category_id": 1,
			"xmin": 1533.0,
			"ymin": 1435.0,
			"width": 22.0,
			"height": 73.0
		},
		{
			"id": 1,
			"category_id": 1,
			"xmin": 1213.0,
			"ymin": 1199.0,
			"width": 18.0,
			"height": 57.0
		},
		{
			"id": 2,
			"category_id": 1,
			"xmin": 1114.0,
			"ymin": 1198.0,
			"width": 18.0,
			"height": 25.0
		},
		{
			"id": 3,
			"category_id": 1,
			"xmin": 1097.0,
			"ymin": 1195.0,
			"width": 17.0,
			"height": 27.0
		},
		{
			"id": 5,
			"category_id": 1,
			"xmin": 939.0,
			"ymin": 956.0,
			"width": 14.0,
			"height": 34.0
		},
		{
			"id": 7,
			"category_id": 1,
			"xmin": 1763.0,
			"ymin": 1172.0,
			"width": 16.0,
			"height": 42.0
		},
		{
			"id": 7,
			"category_id": 1,
			"xmin": 881.0,
			"ymin": 976.0,
			"width": 15.0,
			"height": 22.0
		},
		{
			"id": 7,
			"category_id": 1,
			"xmin": 1826.0,
			"ymin": 1170.0,
			"width": 16.0,
			"height": 33.0
		},
		{
			"id": 8,
			"category_id": 1,
			"xmin": 761.0,
			"ymin": 1078.0,
			"width": 27.0,
			"height": 30.0
		}
	]
}