{
	"type": "bbox",
	"copyright": "seadronix corp.",
	"date": "20210120_143332",
	"verification": false,
	"image": {
		"file_name": "1570152205_0.png",
		"width": 3840,
		"height": 2160
	},
	"annotations": [
		{
			"id": 0,
			"category_id": 1,
			"xmin": 214.0,
			"ymin": 1839.0,
			"width": 70.0,
			"height": 121.0
		},
		{
			"id": 1,
			"category_id": 1,
			"xmin": 679.0,
			"ymin": 1042.0,
			"width": 15.0,
			"height": 32.0
		},
		{
			"id": 2,
			"category_id": 1,
			"xmin": 1113.0,
			"ymin": 1195.0,
			"width": 21.0,
			"height": 29.0
		},
		{
			"id": 3,
			"category_id": 1,
			"xmin": 1097.0,
			"ymin": 1177.0,
			"width": 18.0,
			"height": 44.0
		},
		{
			"id": 4,
			"category_id": 1,
			"xmin": 1568.0,
			"ymin": 1284.0,
			"width": 22.0,
			"height": 58.0
		},
		{
			"id": 6,
			"category_id": 1,
			"xmin": 1473.0,
			"ymin": 989.0,
			"width": 13.0,
			"height": 20.0
		},
		{
			"id": 7,
			"category_id": 1,
			"xmin": 956.0,
			"ymin": 948.0,
			"width": 18.0,
			"height": 37.0
		},
		{
			"id": 8,
			"category_id": 1,
			"xmin": 936.0,
			"ymin": 959.0,
			"width": 16.0,
			"height": 31.0
		},
		{
			"id": 9,
			"category_id": 1,
			"xmin": 875.0,
			"ymin": 934.0,
			"width": 20.0,
			"height": 33.0
		},
		{
			"id": 11,
			"category_id": 1,
			"xmin": 1753.0,
			"ymin": 1185.0,
			"width": 13.0,
			"height": 17.0
		}
	]
}