{
	"type": "bbox",
	"copyright": "seadronix corp.",
	"date": "20210120_143349",
	"verification": false,
	"image": {
		"file_name": "1570152254_0.png",
		"width": 3840,
		"height": 2160
	},
	"annotations": [
		{
			"id": 0,
			"category_id": 1,
			"xmin": 1537.0,
			"ymin": 1434.0,
			"width": 21.0,
			"height": 73.0
		},
		{
			"id": 2,
			"category_id": 1,
			"xmin": 1211.0,
			"ymin": 1199.0,
			"width": 16.0,
			"height": 56.0
		},
		{
			"id": 3,
			"category_id": 1,
			"xmin": 1102.0,
			"ymin": 1194.0,
			"width": 13.0,
			"height": 33.0
		},
		{
			"id": 5,
			"category_id": 1,
			"xmin": 940.0,
			"ymin": 955.0,
			"width": 11.0,
			"height": 31.0
		},
		{
			"id": 6,
			"category_id": 1,
			"xmin": 1115.0,
			"ymin": 1199.0,
			"width": 16.0,
			"height": 41.0
		},
		{
			"id": 8,
			"category_id": 1,
			"xmin": 1763.0,
			"ymin": 1173.0,
			"width": 14.0,
			"height": 37.0
		},
		{
			"id": 7,
			"category_id": 1,
			"xmin": 1826.0,
			"ymin": 1172.0,
			"width": 16.0,
			"height": 28.0
		},
		{
			"id": 8,
			"category_id": 1,
			"xmin": 762.0,
			"ymin": 1075.0,
			"width": 28.0,
			"height": 35.0
		},
		{
			"id": 8,
			"category_id": 1,
			"xmin": 885.0,
			"ymin": 977.0,
			"width": 11.0,
			"height": 23.0
		}
	]
}