{
	"type": "bbox",
	"copyright": "seadronix corp.",
	"date": "20210120_143342",
	"verification": false,
	"image": {
		"file_name": "1570152234_0.png",
		"width": 3840,
		"height": 2160
	},
	"annotations": [
		{
			"id": 0,
			"category_id": 1,
			"xmin": 1672.0,
			"ymin": 1363.0,
			"width": 16.0,
			"height": 66.0
		},
		{
			"id": 1,
			"category_id": 1,
			"xmin": 1849.0,
			"ymin": 1163.0,
			"width": 14.0,
			"height": 40.0
		},
		{
			"id": 3,
			"category_id": 1,
			"xmin": 1472.0,
			"ymin": 990.0,
			"width": 15.0,
			"height": 17.0
		},
		{
			"id": 4,
			"category_id": 1,
			"xmin": 1114.0,
			"ymin": 1195.0,
			"width": 21.0,
			"height": 29.0
		},
		{
			"id": 5,
			"category_id": 1,
			"xmin": 1098.0,
			"ymin": 1200.0,
			"width": 16.0,
			"height": 27.0
		},
		{
			"id": 6,
			"category_id": 1,
			"xmin": 943.0,
			"ymin": 956.0,
			"width": 17.0,
			"height": 30.0
		},
		{
			"id": 7,
			"category_id": 1,
			"xmin": 987.0,
			"ymin": 1369.0,
			"width": 28.0,
			"height": 78.0
		},
		{
			"id": 7,
			"category_id": 1,
			"xmin": 1800.0,
			"ymin": 1178.0,
			"width": 15.0,
			"height": 24.0
		},
		{
			"id": 8,
			"category_id": 1,
			"xmin": 696.0,
			"ymin": 1069.0,
			"width": 23.0,
			"height": 31.0
		},
		{
			"id": 9,
			"category_id": 1,
			"xmin": 877.0,
			"ymin": 966.0,
			"width": 13.0,
			"height": 25.0
		}
	]
}