{
	"type": "bbox",
	"copyright": "seadronix corp.",
	"date": "20210120_143359",
	"verification": false,
	"image": {
		"file_name": "1570175047_0.png",
		"width": 3840,
		"height": 2160
	},
	"annotations": [
		{
			"id": 0,
			"category_id": 1,
			"xmin": 1414.0,
			"ymin": 1180.0,
			"width": 15.0,
			"height": 23.0
		},
		{
			"id": 1,
			"category_id": 1,
			"xmin": 1367.0,
			"ymin": 1204.0,
			"width": 20.0,
			"height": 47.0
		},
		{
			"id": 2,
			"category_id": 1,
			"xmin": 1357.0,
			"ymin": 1202.0,
			"width": 15.0,
			"height": 45.0
		},
		{
			"id": 3,
			"category_id": 1,
			"xmin": 1337.0,
			"ymin": 1223.0,
			"width": 15.0,
			"height": 55.0
		},
		{
			"id": 4,
			"category_id": 1,
			"xmin": 1318.0,
			"ymin": 1213.0,
			"width": 17.0,
			"height": 54.0
		},
		{
			"id": 5,
			"category_id": 1,
			"xmin": 1298.0,
			"ymin": 1049.0,
			"width": 16.0,
			"height": 35.0
		},
		{
			"id": 6,
			"category_id": 1,
			"xmin": 1103.0,
			"ymin": 1444.0,
			"width": 36.0,
			"height": 86.0
		},
		{
			"id": 7,
			"category_id": 1,
			"xmin": 1427.0,
			"ymin": 1137.0,
			"width": 16.0,
			"height": 30.0
		}
	]
}