{
	"type": "bbox",
	"copyright": "seadronix corp.",
	"date": "20210120_143355",
	"verification": false,
	"image": {
		"file_name": "1570175023_0.png",
		"width": 3840,
		"height": 2160
	},
	"annotations": [
		{
			"id": 0,
			"category_id": 1,
			"xmin": 742.0,
			"ymin": 1729.0,
			"width": 61.0,
			"height": 112.0
		},
		{
			"id": 1,
			"category_id": 1,
			"xmin": 749.0,
			"ymin": 1770.0,
			"width": 40.0,
			"height": 102.0
		},
		{
			"id": 2,
			"category_id": 1,
			"xmin": 1084.0,
			"ymin": 1490.0,
			"width": 32.0,
			"height": 83.0
		},
		{
			"id": 3,
			"category_id": 1,
			"xmin": 1355.0,
			"ymin": 1240.0,
			"width": 15.0,
			"height": 50.0
		},
		{
			"id": 4,
			"category_id": 1,
			"xmin": 1400.0,
			"ymin": 1182.0,
			"width": 15.0,
			"height": 37.0
		},
		{
			"id": 5,
			"category_id": 1,
			"xmin": 1409.0,
			"ymin": 1181.0,
			"width": 16.0,
			"height": 31.0
		},
		{
			"id": 6,
			"category_id": 1,
			"xmin": 1360.0,
			"ymin": 1121.0,
			"width": 17.0,
			"height": 45.0
		},
		{
			"id": 7,
			"category_id": 1,
			"xmin": 1454.0,
			"ymin": 1129.0,
			"width": 13.0,
			"height": 23.0
		},
		{
			"id": 8,
			"category_id": 1,
			"xmin": 1791.0,
			"ymin": 1181.0,
			"width": 17.0,
			"height": 27.0
		},
		{
			"id": 9,
			"category_id": 1,
			"xmin": 1414.0,
			"ymin": 1162.0,
			"width": 15.0,
			"height": 23.0
		}
	]
}