{
	"type": "bbox",
	"copyright": "seadronix corp.",
	"date": "20210120_143357",
	"verification": false,
	"image": {
		"file_name": "1570175028_0.png",
		"width": 3840,
		"height": 2160
	},
	"annotations": [
		{
			"id": 0,
			"category_id": 1,
			"xmin": 1352.0,
			"ymin": 1117.0,
			"width": 16.0,
			"height": 39.0
		},
		{
			"id": 1,
			"category_id": 1,
			"xmin": 1350.0,
			"ymin": 1186.0,
			"width": 18.0,
			"height": 32.0
		},
		{
			"id": 2,
			"category_id": 1,
			"xmin": 1355.0,
			"ymin": 1209.0,
			"width": 19.0,
			"height": 43.0
		},
		{
			"id": 3,
			"category_id": 1,
			"xmin": 1241.0,
			"ymin": 1322.0,
			"width": 22.0,
			"height": 63.0
		},
		{
			"id": 4,
			"category_id": 1,
			"xmin": 785.0,
			"ymin": 1681.0,
			"width": 43.0,
			"height": 101.0
		},
		{
			"id": 5,
			"category_id": 1,
			"xmin": 865.0,
			"ymin": 1665.0,
			"width": 35.0,
			"height": 107.0
		},
		{
			"id": 6,
			"category_id": 1,
			"xmin": 1417.0,
			"ymin": 1179.0,
			"width": 16.0,
			"height": 21.0
		},
		{
			"id": 7,
			"category_id": 1,
			"xmin": 1676.0,
			"ymin": 1170.0,
			"width": 16.0,
			"height": 48.0
		},
		{
			"id": 8,
			"category_id": 1,
			"xmin": 1417.0,
			"ymin": 1140.0,
			"width": 18.0,
			"height": 28.0
		}
	]
}