{
	"type": "bbox",
	"copyright": "seadronix corp.",
	"date": "20210120_143340",
	"verification": false,
	"image": {
		"file_name": "1570152226_0.png",
		"width": 3840,
		"height": 2160
	},
	"annotations": [
		{
			"id": 0,
			"category_id": 1,
			"xmin": 1855.0,
			"ymin": 1142.0,
			"width": 15.0,
			"height": 44.0
		},
		{
			"id": 1,
			"category_id": 1,
			"xmin": 1472.0,
			"ymin": 991.0,
			"width": 15.0,
			"height": 16.0
		},
		{
			"id": 2,
			"category_id": 1,
			"xmin": 893.0,
			"ymin": 934.0,
			"width": 15.0,
			"height": 32.0
		},
		{
			"id": 3,
			"category_id": 1,
			"xmin": 929.0,
			"ymin": 958.0,
			"width": 16.0,
			"height": 32.0
		},
		{
			"id": 4,
			"category_id": 1,
			"xmin": 1115.0,
			"ymin": 1194.0,
			"width": 21.0,
			"height": 28.0
		},
		{
			"id": 5,
			"category_id": 1,
			"xmin": 1095.0,
			"ymin": 1198.0,
			"width": 20.0,
			"height": 25.0
		},
		{
			"id": 6,
			"category_id": 1,
			"xmin": 880.0,
			"ymin": 1482.0,
			"width": 36.0,
			"height": 85.0
		},
		{
			"id": 7,
			"category_id": 1,
			"xmin": 1587.0,
			"ymin": 1432.0,
			"width": 19.0,
			"height": 72.0
		},
		{
			"id": 9,
			"category_id": 1,
			"xmin": 1802.0,
			"ymin": 1186.0,
			"width": 13.0,
			"height": 16.0
		}
	]
}