{
	"type": "bbox",
	"copyright": "seadronix corp.",
	"date": "20210120_143344",
	"verification": false,
	"image": {
		"file_name": "1570152241_0.png",
		"width": 3840,
		"height": 2160
	},
	"annotations": [
		{
			"id": 2,
			"category_id": 1,
			"xmin": 1471.0,
			"ymin": 988.0,
			"width": 18.0,
			"height": 20.0
		},
		{
			"id": 3,
			"category_id": 1,
			"xmin": 936.0,
			"ymin": 955.0,
			"width": 16.0,
			"height": 31.0
		},
		{
			"id": 5,
			"category_id": 1,
			"xmin": 1114.0,
			"ymin": 1195.0,
			"width": 23.0,
			"height": 27.0
		},
		{
			"id": 6,
			"category_id": 1,
			"xmin": 1096.0,
			"ymin": 1200.0,
			"width": 17.0,
			"height": 23.0
		},
		{
			"id": 7,
			"category_id": 1,
			"xmin": 1089.0,
			"ymin": 1281.0,
			"width": 27.0,
			"height": 62.0
		},
		{
			"id": 8,
			"category_id": 1,
			"xmin": 748.0,
			"ymin": 1075.0,
			"width": 14.0,
			"height": 32.0
		},
		{
			"id": 9,
			"category_id": 1,
			"xmin": 1727.0,
			"ymin": 1316.0,
			"width": 23.0,
			"height": 62.0
		},
		{
			"id": 10,
			"category_id": 1,
			"xmin": 1798.0,
			"ymin": 1183.0,
			"width": 15.0,
			"height": 19.0
		},
		{
			"id": 9,
			"category_id": 1,
			"xmin": 1825.0,
			"ymin": 1172.0,
			"width": 21.0,
			"height": 31.0
		},
		{
			"id": 9,
			"category_id": 1,
			"xmin": 867.0,
			"ymin": 976.0,
			"width": 16.0,
			"height": 27.0
		},
		{
			"id": 10,
			"category_id": 1,
			"xmin": 915.0,
			"ymin": 971.0,
			"width": 17.0,
			"height": 28.0
		}
	]
}