{
	"type": "bbox",
	"copyright": "seadronix corp.",
	"date": "20210120_143336",
	"verification": false,
	"image": {
		"file_name": "1570152214_0.png",
		"width": 3840,
		"height": 2160
	},
	"annotations": [
		{
			"id": 0,
			"category_id": 1,
			"xmin": 249.0,
			"ymin": 1818.0,
			"width": 99.0,
			"height": 131.0
		},
		{
			"id": 1,
			"category_id": 1,
			"xmin": 671.0,
			"ymin": 1044.0,
			"width": 14.0,
			"height": 33.0
		},
		{
			"id": 2,
			"category_id": 1,
			"xmin": 1099.0,
			"ymin": 1196.0,
			"width": 17.0,
			"height": 28.0
		},
		{
			"id": 3,
			"category_id": 1,
			"xmin": 1115.0,
			"ymin": 1193.0,
			"width": 19.0,
			"height": 32.0
		},
		{
			"id": 4,
			"category_id": 1,
			"xmin": 920.0,
			"ymin": 962.0,
			"width": 15.0,
			"height": 30.0
		},
		{
			"id": 5,
			"category_id": 1,
			"xmin": 1473.0,
			"ymin": 988.0,
			"width": 18.0,
			"height": 21.0
		},
		{
			"id": 6,
			"category_id": 1,
			"xmin": 1764.0,
			"ymin": 1176.0,
			"width": 16.0,
			"height": 41.0
		},
		{
			"id": 7,
			"category_id": 1,
			"xmin": 1704.0,
			"ymin": 1356.0,
			"width": 22.0,
			"height": 62.0
		},
		{
			"id": 8,
			"category_id": 1,
			"xmin": 1861.0,
			"ymin": 1151.0,
			"width": 15.0,
			"height": 45.0
		},
		{
			"id": 9,
			"category_id": 1,
			"xmin": 888.0,
			"ymin": 934.0,
			"width": 15.0,
			"height": 29.0
		}
	]
}