{
	"type": "bbox",
	"copyright": "seadronix corp.",
	"date": "20210120_143334",
	"verification": false,
	"image": {
		"file_name": "1570152209_0.png",
		"width": 3840,
		"height": 2160
	},
	"annotations": [
		{
			"id": 0,
			"category_id": 1,
			"xmin": 1655.0,
			"ymin": 1320.0,
			"width": 17.0,
			"height": 60.0
		},
		{
			"id": 1,
			"category_id": 1,
			"xmin": 1832.0,
			"ymin": 1165.0,
			"width": 13.0,
			"height": 43.0
		},
		{
			"id": 2,
			"category_id": 1,
			"xmin": 1472.0,
			"ymin": 988.0,
			"width": 19.0,
			"height": 21.0
		},
		{
			"id": 3,
			"category_id": 1,
			"xmin": 1115.0,
			"ymin": 1195.0,
			"width": 17.0,
			"height": 26.0
		},
		{
			"id": 4,
			"category_id": 1,
			"xmin": 1095.0,
			"ymin": 1195.0,
			"width": 19.0,
			"height": 27.0
		},
		{
			"id": 5,
			"category_id": 1,
			"xmin": 958.0,
			"ymin": 949.0,
			"width": 14.0,
			"height": 34.0
		},
		{
			"id": 6,
			"category_id": 1,
			"xmin": 922.0,
			"ymin": 965.0,
			"width": 18.0,
			"height": 28.0
		},
		{
			"id": 7,
			"category_id": 1,
			"xmin": 212.0,
			"ymin": 1841.0,
			"width": 69.0,
			"height": 124.0
		},
		{
			"id": 8,
			"category_id": 1,
			"xmin": 673.0,
			"ymin": 1044.0,
			"width": 16.0,
			"height": 31.0
		},
		{
			"id": 9,
			"category_id": 1,
			"xmin": 1749.0,
			"ymin": 1179.0,
			"width": 17.0,
			"height": 30.0
		},
		{
			"id": 10,
			"category_id": 1,
			"xmin": 873.0,
			"ymin": 930.0,
			"width": 23.0,
			"height": 38.0
		}
	]
}