{
	"type": "bbox",
	"copyright": "seadronix corp.",
	"date": "20210120_143358",
	"verification": false,
	"image": {
		"file_name": "1570175036_0.png",
		"width": 3840,
		"height": 2160
	},
	"annotations": [
		{
			"id": 0,
			"category_id": 1,
			"xmin": 1413.0,
			"ymin": 1183.0,
			"width": 12.0,
			"height": 34.0
		},
		{
			"id": 1,
			"category_id": 1,
			"xmin": 1353.0,
			"ymin": 1237.0,
			"width": 19.0,
			"height": 54.0
		},
		{
			"id": 2,
			"category_id": 1,
			"xmin": 1343.0,
			"ymin": 1229.0,
			"width": 15.0,
			"height": 56.0
		},
		{
			"id": 3,
			"category_id": 1,
			"xmin": 1329.0,
			"ymin": 1222.0,
			"width": 17.0,
			"height": 51.0
		},
		{
			"id": 4,
			"category_id": 1,
			"xmin": 1298.0,
			"ymin": 1107.0,
			"width": 15.0,
			"height": 34.0
		},
		{
			"id": 5,
			"category_id": 1,
			"xmin": 1185.0,
			"ymin": 1371.0,
			"width": 33.0,
			"height": 85.0
		},
		{
			"id": 6,
			"category_id": 1,
			"xmin": 1163.0,
			"ymin": 1363.0,
			"width": 27.0,
			"height": 75.0
		},
		{
			"id": 7,
			"category_id": 1,
			"xmin": 1725.0,
			"ymin": 1175.0,
			"width": 15.0,
			"height": 35.0
		},
		{
			"id": 8,
			"category_id": 1,
			"xmin": 1419.0,
			"ymin": 1135.0,
			"width": 26.0,
			"height": 35.0
		}
	]
}