{
	"type": "bbox",
	"copyright": "seadronix corp.",
	"date": "20210120_143346",
	"verification": false,
	"image": {
		"file_name": "1570152246_0.png",
		"width": 3840,
		"height": 2160
	},
	"annotations": [
		{
			"id": 1,
			"category_id": 1,
			"xmin": 1758.0,
			"ymin": 1174.0,
			"width": 15.0,
			"height": 42.0
		},
		{
			"id": 2,
			"category_id": 1,
			"xmin": 1677.0,
			"ymin": 1336.0,
			"width": 21.0,
			"height": 60.0
		},
		{
			"id": 3,
			"category_id": 1,
			"xmin": 938.0,
			"ymin": 956.0,
			"width": 14.0,
			"height": 31.0
		},
		{
			"id": 4,
			"category_id": 1,
			"xmin": 858.0,
			"ymin": 981.0,
			"width": 20.0,
			"height": 33.0
		},
		{
			"id": 5,
			"category_id": 1,
			"xmin": 1129.0,
			"ymin": 1242.0,
			"width": 26.0,
			"height": 62.0
		},
		{
			"id": 6,
			"category_id": 1,
			"xmin": 1114.0,
			"ymin": 1199.0,
			"width": 21.0,
			"height": 23.0
		},
		{
			"id": 7,
			"category_id": 1,
			"xmin": 1096.0,
			"ymin": 1197.0,
			"width": 18.0,
			"height": 28.0
		},
		{
			"id": 8,
			"category_id": 1,
			"xmin": 747.0,
			"ymin": 1072.0,
			"width": 16.0,
			"height": 35.0
		},
		{
			"id": 8,
			"category_id": 1,
			"xmin": 1825.0,
			"ymin": 1170.0,
			"width": 17.0,
			"height": 34.0
		}
	]
}