{
	"type": "bbox",
	"copyright": "seadronix corp.",
	"date": "20210120_143353",
	"verification": false,
	"image": {
		"file_name": "1570175018_0.png",
		"width": 3840,
		"height": 2160
	},
	"annotations": [
		{
			"id": 0,
			"category_id": 1,
			"xmin": 1437.0,
			"ymin": 1147.0,
			"width": 21.0,
			"height": 38.0
		},
		{
			"id": 1,
			"category_id": 1,
			"xmin": 1408.0,
			"ymin": 1132.0,
			"width": 14.0,
			"height": 41.0
		},
		{
			"id": 2,
			"category_id": 1,
			"xmin": 1411.0,
			"ymin": 1178.0,
			"width": 15.0,
			"height": 28.0
		},
		{
			"id": 3,
			"category_id": 1,
			"xmin": 1364.0,
			"ymin": 1189.0,
			"width": 21.0,
			"height": 59.0
		},
		{
			"id": 4,
			"category_id": 1,
			"xmin": 1100.0,
			"ymin": 1455.0,
			"width": 28.0,
			"height": 75.0
		},
		{
			"id": 5,
			"category_id": 1,
			"xmin": 922.0,
			"ymin": 1590.0,
			"width": 45.0,
			"height": 100.0
		},
		{
			"id": 6,
			"category_id": 1,
			"xmin": 838.0,
			"ymin": 1754.0,
			"width": 45.0,
			"height": 114.0
		},
		{
			"id": 7,
			"category_id": 1,
			"xmin": 1790.0,
			"ymin": 1178.0,
			"width": 16.0,
			"height": 25.0
		},
		{
			"id": 8,
			"category_id": 1,
			"xmin": 1357.0,
			"ymin": 1212.0,
			"width": 21.0,
			"height": 41.0
		}
	]
}