{
	"type": "bbox",
	"copyright": "seadronix corp.",
	"date": "20210120_143341",
	"verification": false,
	"image": {
		"file_name": "1570152232_0.png",
		"width": 3840,
		"height": 2160
	},
	"annotations": [
		{
			"id": 0,
			"category_id": 1,
			"xmin": 1665.0,
			"ymin": 1368.0,
			"width": 16.0,
			"height": 72.0
		},
		{
			"id": 1,
			"category_id": 1,
			"xmin": 1852.0,
			"ymin": 1157.0,
			"width": 14.0,
			"height": 38.0
		},
		{
			"id": 2,
			"category_id": 1,
			"xmin": 1472.0,
			"ymin": 992.0,
			"width": 16.0,
			"height": 16.0
		},
		{
			"id": 3,
			"category_id": 1,
			"xmin": 934.0,
			"ymin": 958.0,
			"width": 13.0,
			"height": 30.0
		},
		{
			"id": 4,
			"category_id": 1,
			"xmin": 1114.0,
			"ymin": 1196.0,
			"width": 22.0,
			"height": 27.0
		},
		{
			"id": 5,
			"category_id": 1,
			"xmin": 1097.0,
			"ymin": 1198.0,
			"width": 17.0,
			"height": 25.0
		},
		{
			"id": 6,
			"category_id": 1,
			"xmin": 691.0,
			"ymin": 1068.0,
			"width": 18.0,
			"height": 32.0
		},
		{
			"id": 7,
			"category_id": 1,
			"xmin": 980.0,
			"ymin": 1379.0,
			"width": 27.0,
			"height": 71.0
		},
		{
			"id": 9,
			"category_id": 1,
			"xmin": 873.0,
			"ymin": 961.0,
			"width": 14.0,
			"height": 26.0
		},
		{
			"id": 9,
			"category_id": 1,
			"xmin": 1801.0,
			"ymin": 1179.0,
			"width": 15.0,
			"height": 23.0
		}
	]
}