{
	"type": "bbox",
	"copyright": "seadronix corp.",
	"date": "20210120_143351",
	"verification": false,
	"image": {
		"file_name": "1570175009_0.png",
		"width": 3840,
		"height": 2160
	},
	"annotations": [
		{
			"id": 0,
			"category_id": 1,
			"xmin": 1795.0,
			"ymin": 1167.0,
			"width": 17.0,
			"height": 43.0
		},
		{
			"id": 1,
			"category_id": 1,
			"xmin": 1441.0,
			"ymin": 1142.0,
			"width": 14.0,
			"height": 43.0
		},
		{
			"id": 2,
			"category_id": 1,
			"xmin": 1415.0,
			"ymin": 1175.0,
			"width": 19.0,
			"height": 30.0
		},
		{
			"id": 3,
			"category_id": 1,
			"xmin": 1386.0,
			"ymin": 1189.0,
			"width": 19.0,
			"height": 38.0
		},
		{
			"id": 4,
			"category_id": 1,
			"xmin": 1351.0,
			"ymin": 1229.0,
			"width": 13.0,
			"height": 56.0
		},
		{
			"id": 5,
			"category_id": 1,
			"xmin": 1315.0,
			"ymin": 1259.0,
			"width": 22.0,
			"height": 63.0
		},
		{
			"id": 6,
			"category_id": 1,
			"xmin": 1300.0,
			"ymin": 1250.0,
			"width": 16.0,
			"height": 60.0
		},
		{
			"id": 7,
			"category_id": 1,
			"xmin": 1246.0,
			"ymin": 1303.0,
			"width": 27.0,
			"height": 66.0
		},
		{
			"id": 8,
			"category_id": 1,
			"xmin": 1155.0,
			"ymin": 1396.0,
			"width": 30.0,
			"height": 79.0
		}
	]
}