{
	"type": "bbox",
	"copyright": "seadronix corp.",
	"date": "20210120_143357",
	"verification": false,
	"image": {
		"file_name": "1570175027_0.png",
		"width": 3840,
		"height": 2160
	},
	"annotations": [
		{
			"id": 0,
			"category_id": 1,
			"xmin": 1356.0,
			"ymin": 1116.0,
			"width": 12.0,
			"height": 39.0
		},
		{
			"id": 1,
			"category_id": 1,
			"xmin": 1718.0,
			"ymin": 1171.0,
			"width": 13.0,
			"height": 46.0
		},
		{
			"id": 3,
			"category_id": 1,
			"xmin": 1413.0,
			"ymin": 1178.0,
			"width": 17.0,
			"height": 26.0
		},
		{
			"id": 4,
			"category_id": 1,
			"xmin": 1380.0,
			"ymin": 1182.0,
			"width": 16.0,
			"height": 43.0
		},
		{
			"id": 5,
			"category_id": 1,
			"xmin": 1351.0,
			"ymin": 1221.0,
			"width": 19.0,
			"height": 40.0
		},
		{
			"id": 6,
			"category_id": 1,
			"xmin": 1206.0,
			"ymin": 1360.0,
			"width": 24.0,
			"height": 68.0
		},
		{
			"id": 7,
			"category_id": 1,
			"xmin": 786.0,
			"ymin": 1728.0,
			"width": 39.0,
			"height": 110.0
		},
		{
			"id": 8,
			"category_id": 1,
			"xmin": 708.0,
			"ymin": 1746.0,
			"width": 39.0,
			"height": 105.0
		},
		{
			"id": 8,
			"category_id": 1,
			"xmin": 1476.0,
			"ymin": 1125.0,
			"width": 11.0,
			"height": 23.0
		},
		{
			"id": 9,
			"category_id": 1,
			"xmin": 1416.0,
			"ymin": 1141.0,
			"width": 17.0,
			"height": 27.0
		}
	]
}