{
	"type": "bbox",
	"copyright": "seadronix corp.",
	"date": "20210120_143337",
	"verification": false,
	"image": {
		"file_name": "1570152217_0.png",
		"width": 3840,
		"height": 2160
	},
	"annotations": [
		{
			"id": 0,
			"category_id": 1,
			"xmin": 1640.0,
			"ymin": 1401.0,
			"width": 16.0,
			"height": 68.0
		},
		{
			"id": 4,
			"category_id": 1,
			"xmin": 1773.0,
			"ymin": 1174.0,
			"width": 11.0,
			"height": 43.0
		},
		{
			"id": 5,
			"category_id": 1,
			"xmin": 1472.0,
			"ymin": 990.0,
			"width": 13.0,
			"height": 19.0
		},
		{
			"id": 6,
			"category_id": 1,
			"xmin": 936.0,
			"ymin": 957.0,
			"width": 15.0,
			"height": 31.0
		},
		{
			"id": 7,
			"category_id": 1,
			"xmin": 1097.0,
			"ymin": 1196.0,
			"width": 17.0,
			"height": 26.0
		},
		{
			"id": 8,
			"category_id": 1,
			"xmin": 1111.0,
			"ymin": 1192.0,
			"width": 21.0,
			"height": 32.0
		},
		{
			"id": 9,
			"category_id": 1,
			"xmin": 640.0,
			"ymin": 1048.0,
			"width": 20.0,
			"height": 32.0
		},
		{
			"id": 10,
			"category_id": 1,
			"xmin": 488.0,
			"ymin": 1697.0,
			"width": 64.0,
			"height": 102.0
		},
		{
			"id": 11,
			"category_id": 1,
			"xmin": 898.0,
			"ymin": 931.0,
			"width": 12.0,
			"height": 32.0
		},
		{
			"id": 9,
			"category_id": 1,
			"xmin": 1858.0,
			"ymin": 1160.0,
			"width": 21.0,
			"height": 30.0
		}
	]
}