{
	"type": "bbox",
	"copyright": "seadronix corp.",
	"date": "20210120_143339",
	"verification": false,
	"image": {
		"file_name": "1570152225_0.png",
		"width": 3840,
		"height": 2160
	},
	"annotations": [
		{
			"id": 0,
			"category_id": 1,
			"xmin": 1573.0,
			"ymin": 1435.0,
			"width": 22.0,
			"height": 75.0
		},
		{
			"id": 1,
			"category_id": 1,
			"xmin": 855.0,
			"ymin": 1504.0,
			"width": 36.0,
			"height": 73.0
		},
		{
			"id": 2,
			"category_id": 1,
			"xmin": 1114.0,
			"ymin": 1196.0,
			"width": 18.0,
			"height": 29.0
		},
		{
			"id": 3,
			"category_id": 1,
			"xmin": 1097.0,
			"ymin": 1199.0,
			"width": 16.0,
			"height": 26.0
		},
		{
			"id": 4,
			"category_id": 1,
			"xmin": 933.0,
			"ymin": 959.0,
			"width": 14.0,
			"height": 30.0
		},
		{
			"id": 5,
			"category_id": 1,
			"xmin": 902.0,
			"ymin": 928.0,
			"width": 12.0,
			"height": 32.0
		},
		{
			"id": 6,
			"category_id": 1,
			"xmin": 1471.0,
			"ymin": 989.0,
			"width": 20.0,
			"height": 21.0
		},
		{
			"id": 7,
			"category_id": 1,
			"xmin": 1854.0,
			"ymin": 1144.0,
			"width": 15.0,
			"height": 40.0
		},
		{
			"id": 8,
			"category_id": 1,
			"xmin": 1803.0,
			"ymin": 1185.0,
			"width": 14.0,
			"height": 19.0
		}
	]
}