{
	"type": "bbox",
	"copyright": "seadronix corp.",
	"date": "20210120_143344",
	"verification": false,
	"image": {
		"file_name": "1570152243_0.png",
		"width": 3840,
		"height": 2160
	},
	"annotations": [
		{
			"id": 1,
			"category_id": 1,
			"xmin": 1798.0,
			"ymin": 1176.0,
			"width": 14.0,
			"height": 29.0
		},
		{
			"id": 2,
			"category_id": 1,
			"xmin": 1490.0,
			"ymin": 980.0,
			"width": 10.0,
			"height": 34.0
		},
		{
			"id": 3,
			"category_id": 1,
			"xmin": 938.0,
			"ymin": 955.0,
			"width": 13.0,
			"height": 34.0
		},
		{
			"id": 5,
			"category_id": 1,
			"xmin": 1115.0,
			"ymin": 1196.0,
			"width": 20.0,
			"height": 27.0
		},
		{
			"id": 6,
			"category_id": 1,
			"xmin": 1096.0,
			"ymin": 1200.0,
			"width": 18.0,
			"height": 24.0
		},
		{
			"id": 7,
			"category_id": 1,
			"xmin": 1105.0,
			"ymin": 1264.0,
			"width": 21.0,
			"height": 60.0
		},
		{
			"id": 8,
			"category_id": 1,
			"xmin": 1727.0,
			"ymin": 1318.0,
			"width": 17.0,
			"height": 59.0
		},
		{
			"id": 8,
			"category_id": 1,
			"xmin": 888.0,
			"ymin": 974.0,
			"width": 12.0,
			"height": 23.0
		},
		{
			"id": 8,
			"category_id": 1,
			"xmin": 1827.0,
			"ymin": 1171.0,
			"width": 16.0,
			"height": 35.0
		},
		{
			"id": 9,
			"category_id": 1,
			"xmin": 749.0,
			"ymin": 1073.0,
			"width": 17.0,
			"height": 31.0
		}
	]
}