{
	"type": "bbox",
	"copyright": "seadronix corp.",
	"date": "20210120_143331",
	"verification": false,
	"image": {
		"file_name": "1570152150_0.png",
		"width": 3840,
		"height": 2160
	},
	"annotations": [
		{
			"id": 0,
			"category_id": 1,
			"xmin": 1465.0,
			"ymin": 987.0,
			"width": 13.0,
			"height": 17.0
		},
		{
			"id": 1,
			"category_id": 1,
			"xmin": 1096.0,
			"ymin": 1155.0,
			"width": 15.0,
			"height": 46.0
		},
		{
			"id": 2,
			"category_id": 1,
			"xmin": 1113.0,
			"ymin": 1195.0,
			"width": 21.0,
			"height": 29.0
		},
		{
			"id": 3,
			"category_id": 1,
			"xmin": 988.0,
			"ymin": 943.0,
			"width": 12.0,
			"height": 33.0
		},
		{
			"id": 4,
			"category_id": 1,
			"xmin": 970.0,
			"ymin": 949.0,
			"width": 14.0,
			"height": 31.0
		},
		{
			"id": 5,
			"category_id": 1,
			"xmin": 913.0,
			"ymin": 929.0,
			"width": 14.0,
			"height": 30.0
		},
		{
			"id": 7,
			"category_id": 1,
			"xmin": 630.0,
			"ymin": 1063.0,
			"width": 15.0,
			"height": 21.0
		},
		{
			"id": 9,
			"category_id": 1,
			"xmin": 1794.0,
			"ymin": 1191.0,
			"width": 23.0,
			"height": 45.0
		},
		{
			"id": 10,
			"category_id": 1,
			"xmin": 1671.0,
			"ymin": 1247.0,
			"width": 21.0,
			"height": 51.0
		}
	]
}