{
	"type": "bbox",
	"copyright": "seadronix corp.",
	"date": "20210120_143330",
	"verification": false,
	"image": {
		"file_name": "1570152149_0.png",
		"width": 3840,
		"height": 2160
	},
	"annotations": [
		{
			"id": 0,
			"category_id": 1,
			"xmin": 1109.0,
			"ymin": 1196.0,
			"width": 23.0,
			"height": 26.0
		},
		{
			"id": 1,
			"category_id": 1,
			"xmin": 1081.0,
			"ymin": 1160.0,
			"width": 20.0,
			"height": 48.0
		},
		{
			"id": 2,
			"category_id": 1,
			"xmin": 972.0,
			"ymin": 949.0,
			"width": 15.0,
			"height": 32.0
		},
		{
			"id": 3,
			"category_id": 1,
			"xmin": 987.0,
			"ymin": 942.0,
			"width": 15.0,
			"height": 41.0
		},
		{
			"id": 5,
			"category_id": 1,
			"xmin": 1799.0,
			"ymin": 1186.0,
			"width": 17.0,
			"height": 48.0
		},
		{
			"id": 6,
			"category_id": 1,
			"xmin": 1464.0,
			"ymin": 985.0,
			"width": 17.0,
			"height": 18.0
		},
		{
			"id": 7,
			"category_id": 1,
			"xmin": 913.0,
			"ymin": 928.0,
			"width": 17.0,
			"height": 34.0
		},
		{
			"id": 7,
			"category_id": 1,
			"xmin": 1671.0,
			"ymin": 1253.0,
			"width": 20.0,
			"height": 47.0
		},
		{
			"id": 9,
			"category_id": 1,
			"xmin": 631.0,
			"ymin": 1068.0,
			"width": 13.0,
			"height": 16.0
		}
	]
}