{
	"type": "bbox",
	"copyright": "seadronix corp.",
	"date": "20210120_143334",
	"verification": false,
	"image": {
		"file_name": "1570152208_0.png",
		"width": 3840,
		"height": 2160
	},
	"annotations": [
		{
			"id": 0,
			"category_id": 1,
			"xmin": 672.0,
			"ymin": 1042.0,
			"width": 16.0,
			"height": 31.0
		},
		{
			"id": 1,
			"category_id": 1,
			"xmin": 204.0,
			"ymin": 1839.0,
			"width": 68.0,
			"height": 117.0
		},
		{
			"id": 2,
			"category_id": 1,
			"xmin": 1628.0,
			"ymin": 1307.0,
			"width": 17.0,
			"height": 63.0
		},
		{
			"id": 3,
			"category_id": 1,
			"xmin": 1798.0,
			"ymin": 1168.0,
			"width": 15.0,
			"height": 43.0
		},
		{
			"id": 4,
			"category_id": 1,
			"xmin": 1471.0,
			"ymin": 989.0,
			"width": 17.0,
			"height": 19.0
		},
		{
			"id": 5,
			"category_id": 1,
			"xmin": 1113.0,
			"ymin": 1193.0,
			"width": 19.0,
			"height": 57.0
		},
		{
			"id": 6,
			"category_id": 1,
			"xmin": 1095.0,
			"ymin": 1194.0,
			"width": 20.0,
			"height": 28.0
		},
		{
			"id": 7,
			"category_id": 1,
			"xmin": 957.0,
			"ymin": 947.0,
			"width": 17.0,
			"height": 34.0
		},
		{
			"id": 8,
			"category_id": 1,
			"xmin": 935.0,
			"ymin": 959.0,
			"width": 15.0,
			"height": 31.0
		},
		{
			"id": 9,
			"category_id": 1,
			"xmin": 876.0,
			"ymin": 932.0,
			"width": 18.0,
			"height": 36.0
		},
		{
			"id": 10,
			"category_id": 1,
			"xmin": 1749.0,
			"ymin": 1177.0,
			"width": 19.0,
			"height": 30.0
		}
	]
}