{
	"type": "bbox",
	"copyright": "seadronix corp.",
	"date": "20210120_143349",
	"verification": false,
	"image": {
		"file_name": "1570152253_0.png",
		"width": 3840,
		"height": 2160
	},
	"annotations": [
		{
			"id": 0,
			"category_id": 1,
			"xmin": 1544.0,
			"ymin": 1425.0,
			"width": 16.0,
			"height": 75.0
		},
		{
			"id": 1,
			"category_id": 1,
			"xmin": 1207.0,
			"ymin": 1202.0,
			"width": 19.0,
			"height": 57.0
		},
		{
			"id": 2,
			"category_id": 1,
			"xmin": 1115.0,
			"ymin": 1199.0,
			"width": 21.0,
			"height": 30.0
		},
		{
			"id": 3,
			"category_id": 1,
			"xmin": 1097.0,
			"ymin": 1195.0,
			"width": 18.0,
			"height": 29.0
		},
		{
			"id": 5,
			"category_id": 1,
			"xmin": 1755.0,
			"ymin": 1172.0,
			"width": 24.0,
			"height": 42.0
		},
		{
			"id": 6,
			"category_id": 1,
			"xmin": 939.0,
			"ymin": 955.0,
			"width": 11.0,
			"height": 34.0
		},
		{
			"id": 7,
			"category_id": 1,
			"xmin": 882.0,
			"ymin": 975.0,
			"width": 11.0,
			"height": 37.0
		},
		{
			"id": 8,
			"category_id": 1,
			"xmin": 1826.0,
			"ymin": 1170.0,
			"width": 16.0,
			"height": 34.0
		},
		{
			"id": 8,
			"category_id": 1,
			"xmin": 767.0,
			"ymin": 1076.0,
			"width": 21.0,
			"height": 34.0
		}
	]
}