{
	"type": "bbox",
	"copyright": "seadronix corp.",
	"date": "20210120_143341",
	"verification": false,
	"image": {
		"file_name": "1570152227_0.png",
		"width": 3840,
		"height": 2160
	},
	"annotations": [
		{
			"id": 0,
			"category_id": 1,
			"xmin": 1600.0,
			"ymin": 1425.0,
			"width": 22.0,
			"height": 74.0
		},
		{
			"id": 1,
			"category_id": 1,
			"xmin": 899.0,
			"ymin": 1462.0,
			"width": 38.0,
			"height": 84.0
		},
		{
			"id": 2,
			"category_id": 1,
			"xmin": 1112.0,
			"ymin": 1195.0,
			"width": 22.0,
			"height": 29.0
		},
		{
			"id": 3,
			"category_id": 1,
			"xmin": 1097.0,
			"ymin": 1197.0,
			"width": 17.0,
			"height": 28.0
		},
		{
			"id": 4,
			"category_id": 1,
			"xmin": 928.0,
			"ymin": 959.0,
			"width": 10.0,
			"height": 34.0
		},
		{
			"id": 5,
			"category_id": 1,
			"xmin": 893.0,
			"ymin": 936.0,
			"width": 17.0,
			"height": 33.0
		},
		{
			"id": 6,
			"category_id": 1,
			"xmin": 1471.0,
			"ymin": 991.0,
			"width": 14.0,
			"height": 16.0
		},
		{
			"id": 7,
			"category_id": 1,
			"xmin": 1853.0,
			"ymin": 1143.0,
			"width": 16.0,
			"height": 46.0
		},
		{
			"id": 9,
			"category_id": 1,
			"xmin": 1804.0,
			"ymin": 1184.0,
			"width": 11.0,
			"height": 20.0
		}
	]
}