{
	"type": "bbox",
	"copyright": "seadronix corp.",
	"date": "20210120_143350",
	"verification": false,
	"image": {
		"file_name": "1570152256_0.png",
		"width": 3840,
		"height": 2160
	},
	"annotations": [
		{
			"id": 0,
			"category_id": 1,
			"xmin": 1496.0,
			"ymin": 1470.0,
			"width": 23.0,
			"height": 80.0
		},
		{
			"id": 1,
			"category_id": 1,
			"xmin": 1233.0,
			"ymin": 1195.0,
			"width": 20.0,
			"height": 54.0
		},
		{
			"id": 2,
			"category_id": 1,
			"xmin": 1113.0,
			"ymin": 1200.0,
			"width": 21.0,
			"height": 25.0
		},
		{
			"id": 3,
			"category_id": 1,
			"xmin": 1098.0,
			"ymin": 1195.0,
			"width": 16.0,
			"height": 29.0
		},
		{
			"id": 4,
			"category_id": 1,
			"xmin": 764.0,
			"ymin": 1076.0,
			"width": 16.0,
			"height": 36.0
		},
		{
			"id": 5,
			"category_id": 1,
			"xmin": 939.0,
			"ymin": 955.0,
			"width": 13.0,
			"height": 32.0
		},
		{
			"id": 7,
			"category_id": 1,
			"xmin": 1783.0,
			"ymin": 1168.0,
			"width": 16.0,
			"height": 49.0
		},
		{
			"id": 8,
			"category_id": 1,
			"xmin": 881.0,
			"ymin": 974.0,
			"width": 15.0,
			"height": 25.0
		},
		{
			"id": 8,
			"category_id": 1,
			"xmin": 1826.0,
			"ymin": 1167.0,
			"width": 17.0,
			"height": 37.0
		}
	]
}