{
	"type": "bbox",
	"copyright": "seadronix corp.",
	"date": "20210120_143337",
	"verification": false,
	"image": {
		"file_name": "1570152216_0.png",
		"width": 3840,
		"height": 2160
	},
	"annotations": [
		{
			"id": 0,
			"category_id": 1,
			"xmin": 1859.0,
			"ymin": 1159.0,
			"width": 20.0,
			"height": 31.0
		},
		{
			"id": 1,
			"category_id": 1,
			"xmin": 1769.0,
			"ymin": 1174.0,
			"width": 14.0,
			"height": 42.0
		},
		{
			"id": 2,
			"category_id": 1,
			"xmin": 1472.0,
			"ymin": 990.0,
			"width": 11.0,
			"height": 20.0
		},
		{
			"id": 3,
			"category_id": 1,
			"xmin": 937.0,
			"ymin": 954.0,
			"width": 15.0,
			"height": 33.0
		},
		{
			"id": 4,
			"category_id": 1,
			"xmin": 898.0,
			"ymin": 932.0,
			"width": 17.0,
			"height": 31.0
		},
		{
			"id": 5,
			"category_id": 1,
			"xmin": 644.0,
			"ymin": 1048.0,
			"width": 14.0,
			"height": 33.0
		},
		{
			"id": 6,
			"category_id": 1,
			"xmin": 481.0,
			"ymin": 1701.0,
			"width": 41.0,
			"height": 102.0
		},
		{
			"id": 7,
			"category_id": 1,
			"xmin": 1098.0,
			"ymin": 1199.0,
			"width": 14.0,
			"height": 26.0
		},
		{
			"id": 8,
			"category_id": 1,
			"xmin": 1114.0,
			"ymin": 1193.0,
			"width": 17.0,
			"height": 33.0
		},
		{
			"id": 9,
			"category_id": 1,
			"xmin": 1644.0,
			"ymin": 1397.0,
			"width": 14.0,
			"height": 68.0
		}
	]
}