{
	"type": "bbox",
	"copyright": "seadronix corp.",
	"date": "20210120_143352",
	"verification": false,
	"image": {
		"file_name": "1570175012_0.png",
		"width": 3840,
		"height": 2160
	},
	"annotations": [
		{
			"id": 0,
			"category_id": 1,
			"xmin": 1061.0,
			"ymin": 1508.0,
			"width": 29.0,
			"height": 84.0
		},
		{
			"id": 1,
			"category_id": 1,
			"xmin": 1169.0,
			"ymin": 1366.0,
			"width": 21.0,
			"height": 70.0
		},
		{
			"id": 2,
			"category_id": 1,
			"xmin": 1294.0,
			"ymin": 1264.0,
			"width": 25.0,
			"height": 59.0
		},
		{
			"id": 3,
			"category_id": 1,
			"xmin": 1348.0,
			"ymin": 1223.0,
			"width": 18.0,
			"height": 58.0
		},
		{
			"id": 4,
			"category_id": 1,
			"xmin": 1342.0,
			"ymin": 1221.0,
			"width": 16.0,
			"height": 57.0
		},
		{
			"id": 5,
			"category_id": 1,
			"xmin": 1415.0,
			"ymin": 1174.0,
			"width": 20.0,
			"height": 31.0
		},
		{
			"id": 6,
			"category_id": 1,
			"xmin": 1439.0,
			"ymin": 1141.0,
			"width": 14.0,
			"height": 45.0
		},
		{
			"id": 7,
			"category_id": 1,
			"xmin": 1797.0,
			"ymin": 1171.0,
			"width": 12.0,
			"height": 42.0
		},
		{
			"id": 8,
			"category_id": 1,
			"xmin": 1470.0,
			"ymin": 1122.0,
			"width": 16.0,
			"height": 29.0
		}
	]
}