{
	"type": "bbox",
	"copyright": "seadronix corp.",
	"date": "20210120_143345",
	"verification": false,
	"image": {
		"file_name": "1570152244_0.png",
		"width": 3840,
		"height": 2160
	},
	"annotations": [
		{
			"id": 1,
			"category_id": 1,
			"xmin": 1792.0,
			"ymin": 1176.0,
			"width": 13.0,
			"height": 30.0
		},
		{
			"id": 2,
			"category_id": 1,
			"xmin": 1496.0,
			"ymin": 979.0,
			"width": 11.0,
			"height": 39.0
		},
		{
			"id": 3,
			"category_id": 1,
			"xmin": 937.0,
			"ymin": 955.0,
			"width": 13.0,
			"height": 32.0
		},
		{
			"id": 4,
			"category_id": 1,
			"xmin": 879.0,
			"ymin": 977.0,
			"width": 15.0,
			"height": 21.0
		},
		{
			"id": 5,
			"category_id": 1,
			"xmin": 747.0,
			"ymin": 1072.0,
			"width": 15.0,
			"height": 35.0
		},
		{
			"id": 6,
			"category_id": 1,
			"xmin": 1114.0,
			"ymin": 1197.0,
			"width": 22.0,
			"height": 25.0
		},
		{
			"id": 7,
			"category_id": 1,
			"xmin": 1096.0,
			"ymin": 1199.0,
			"width": 17.0,
			"height": 23.0
		},
		{
			"id": 8,
			"category_id": 1,
			"xmin": 1112.0,
			"ymin": 1259.0,
			"width": 19.0,
			"height": 63.0
		},
		{
			"id": 9,
			"category_id": 1,
			"xmin": 1722.0,
			"ymin": 1316.0,
			"width": 14.0,
			"height": 59.0
		},
		{
			"id": 9,
			"category_id": 1,
			"xmin": 1829.0,
			"ymin": 1173.0,
			"width": 13.0,
			"height": 32.0
		}
	]
}