{
	"type": "bbox",
	"copyright": "seadronix corp.",
	"date": "20210120_143353",
	"verification": false,
	"image": {
		"file_name": "1570175019_0.png",
		"width": 3840,
		"height": 2160
	},
	"annotations": [
		{
			"id": 0,
			"category_id": 1,
			"xmin": 1403.0,
			"ymin": 1130.0,
			"width": 17.0,
			"height": 45.0
		},
		{
			"id": 1,
			"category_id": 1,
			"xmin": 1411.0,
			"ymin": 1177.0,
			"width": 16.0,
			"height": 28.0
		},
		{
			"id": 2,
			"category_id": 1,
			"xmin": 1370.0,
			"ymin": 1190.0,
			"width": 19.0,
			"height": 52.0
		},
		{
			"id": 3,
			"category_id": 1,
			"xmin": 1354.0,
			"ymin": 1217.0,
			"width": 15.0,
			"height": 42.0
		},
		{
			"id": 4,
			"category_id": 1,
			"xmin": 1074.0,
			"ymin": 1478.0,
			"width": 33.0,
			"height": 83.0
		},
		{
			"id": 5,
			"category_id": 1,
			"xmin": 885.0,
			"ymin": 1616.0,
			"width": 54.0,
			"height": 103.0
		},
		{
			"id": 6,
			"category_id": 1,
			"xmin": 850.0,
			"ymin": 1732.0,
			"width": 42.0,
			"height": 119.0
		},
		{
			"id": 7,
			"category_id": 1,
			"xmin": 1790.0,
			"ymin": 1179.0,
			"width": 18.0,
			"height": 26.0
		},
		{
			"id": 8,
			"category_id": 1,
			"xmin": 1439.0,
			"ymin": 1150.0,
			"width": 15.0,
			"height": 32.0
		}
	]
}