{
	"type": "bbox",
	"copyright": "seadronix corp.",
	"date": "20210120_143342",
	"verification": false,
	"image": {
		"file_name": "1570152233_0.png",
		"width": 3840,
		"height": 2160
	},
	"annotations": [
		{
			"id": 0,
			"category_id": 1,
			"xmin": 699.0,
			"ymin": 1069.0,
			"width": 14.0,
			"height": 32.0
		},
		{
			"id": 1,
			"category_id": 1,
			"xmin": 1116.0,
			"ymin": 1195.0,
			"width": 19.0,
			"height": 30.0
		},
		{
			"id": 2,
			"category_id": 1,
			"xmin": 1098.0,
			"ymin": 1199.0,
			"width": 17.0,
			"height": 24.0
		},
		{
			"id": 3,
			"category_id": 1,
			"xmin": 986.0,
			"ymin": 1372.0,
			"width": 31.0,
			"height": 76.0
		},
		{
			"id": 4,
			"category_id": 1,
			"xmin": 1671.0,
			"ymin": 1364.0,
			"width": 17.0,
			"height": 67.0
		},
		{
			"id": 5,
			"category_id": 1,
			"xmin": 1850.0,
			"ymin": 1159.0,
			"width": 11.0,
			"height": 44.0
		},
		{
			"id": 6,
			"category_id": 1,
			"xmin": 1471.0,
			"ymin": 990.0,
			"width": 18.0,
			"height": 18.0
		},
		{
			"id": 7,
			"category_id": 1,
			"xmin": 941.0,
			"ymin": 957.0,
			"width": 18.0,
			"height": 30.0
		},
		{
			"id": 8,
			"category_id": 1,
			"xmin": 1799.0,
			"ymin": 1177.0,
			"width": 16.0,
			"height": 25.0
		},
		{
			"id": 9,
			"category_id": 1,
			"xmin": 872.0,
			"ymin": 964.0,
			"width": 16.0,
			"height": 23.0
		}
	]
}