{
	"type": "bbox",
	"copyright": "seadronix corp.",
	"date": "20210120_143408",
	"verification": false,
	"image": {
		"file_name": "1570175061_0.png",
		"width": 3840,
		"height": 2160
	},
	"annotations": [
		{
			"id": 0,
			"category_id": 1,
			"xmin": 931.0,
			"ymin": 1590.0,
			"width": 48.0,
			"height": 95.0
		},
		{
			"id": 1,
			"category_id": 1,
			"xmin": 1026.0,
			"ymin": 1524.0,
			"width": 36.0,
			"height": 84.0
		},
		{
			"id": 2,
			"category_id": 1,
			"xmin": 1103.0,
			"ymin": 1474.0,
			"width": 28.0,
			"height": 77.0
		},
		{
			"id": 3,
			"category_id": 1,
			"xmin": 1350.0,
			"ymin": 1200.0,
			"width": 15.0,
			"height": 45.0
		},
		{
			"id": 4,
			"category_id": 1,
			"xmin": 1351.0,
			"ymin": 1235.0,
			"width": 14.0,
			"height": 46.0
		},
		{
			"id": 5,
			"category_id": 1,
			"xmin": 1412.0,
			"ymin": 1175.0,
			"width": 15.0,
			"height": 33.0
		},
		{
			"id": 6,
			"category_id": 1,
			"xmin": 1764.0,
			"ymin": 1178.0,
			"width": 14.0,
			"height": 46.0
		},
		{
			"id": 7,
			"category_id": 1,
			"xmin": 1295.0,
			"ymin": 1010.0,
			"width": 13.0,
			"height": 24.0
		}
	]
}