{
	"type": "bbox",
	"copyright": "seadronix corp.",
	"date": "20210120_143347",
	"verification": false,
	"image": {
		"file_name": "1570152249_0.png",
		"width": 3840,
		"height": 2160
	},
	"annotations": [
		{
			"id": 1,
			"category_id": 1,
			"xmin": 1754.0,
			"ymin": 1185.0,
			"width": 17.0,
			"height": 44.0
		},
		{
			"id": 2,
			"category_id": 1,
			"xmin": 1629.0,
			"ymin": 1362.0,
			"width": 21.0,
			"height": 67.0
		},
		{
			"id": 3,
			"category_id": 1,
			"xmin": 1159.0,
			"ymin": 1228.0,
			"width": 18.0,
			"height": 59.0
		},
		{
			"id": 4,
			"category_id": 1,
			"xmin": 1113.0,
			"ymin": 1202.0,
			"width": 21.0,
			"height": 22.0
		},
		{
			"id": 5,
			"category_id": 1,
			"xmin": 1099.0,
			"ymin": 1195.0,
			"width": 17.0,
			"height": 29.0
		},
		{
			"id": 6,
			"category_id": 1,
			"xmin": 939.0,
			"ymin": 956.0,
			"width": 12.0,
			"height": 34.0
		},
		{
			"id": 7,
			"category_id": 1,
			"xmin": 874.0,
			"ymin": 974.0,
			"width": 16.0,
			"height": 25.0
		},
		{
			"id": 8,
			"category_id": 1,
			"xmin": 750.0,
			"ymin": 1073.0,
			"width": 15.0,
			"height": 37.0
		},
		{
			"id": 8,
			"category_id": 1,
			"xmin": 1829.0,
			"ymin": 1174.0,
			"width": 15.0,
			"height": 28.0
		}
	]
}