{
	"type": "bbox",
	"copyright": "seadronix corp.",
	"date": "20210120_143343",
	"verification": false,
	"image": {
		"file_name": "1570152236_0.png",
		"width": 3840,
		"height": 2160
	},
	"annotations": [
		{
			"id": 0,
			"category_id": 1,
			"xmin": 1023.0,
			"ymin": 1327.0,
			"width": 31.0,
			"height": 72.0
		},
		{
			"id": 2,
			"category_id": 1,
			"xmin": 940.0,
			"ymin": 955.0,
			"width": 16.0,
			"height": 35.0
		},
		{
			"id": 5,
			"category_id": 1,
			"xmin": 1710.0,
			"ymin": 1329.0,
			"width": 14.0,
			"height": 64.0
		},
		{
			"id": 6,
			"category_id": 1,
			"xmin": 731.0,
			"ymin": 1076.0,
			"width": 12.0,
			"height": 34.0
		},
		{
			"id": 6,
			"category_id": 1,
			"xmin": 1799.0,
			"ymin": 1181.0,
			"width": 16.0,
			"height": 22.0
		},
		{
			"id": 6,
			"category_id": 1,
			"xmin": 1831.0,
			"ymin": 1168.0,
			"width": 16.0,
			"height": 34.0
		},
		{
			"id": 7,
			"category_id": 1,
			"xmin": 1468.0,
			"ymin": 989.0,
			"width": 18.0,
			"height": 21.0
		},
		{
			"id": 8,
			"category_id": 1,
			"xmin": 863.0,
			"ymin": 971.0,
			"width": 14.0,
			"height": 23.0
		},
		{
			"id": 8,
			"category_id": 1,
			"xmin": 1098.0,
			"ymin": 1198.0,
			"width": 17.0,
			"height": 24.0
		},
		{
			"id": 9,
			"category_id": 1,
			"xmin": 1119.0,
			"ymin": 1194.0,
			"width": 20.0,
			"height": 30.0
		}
	]
}