{
	"type": "bbox",
	"copyright": "seadronix corp.",
	"date": "20210120_143329",
	"verification": false,
	"image": {
		"file_name": "1570152147_0.png",
		"width": 3840,
		"height": 2160
	},
	"annotations": [
		{
			"id": 0,
			"category_id": 1,
			"xmin": 971.0,
			"ymin": 947.0,
			"width": 15.0,
			"height": 41.0
		},
		{
			"id": 1,
			"category_id": 1,
			"xmin": 987.0,
			"ymin": 942.0,
			"width": 15.0,
			"height": 39.0
		},
		{
			"id": 2,
			"category_id": 1,
			"xmin": 911.0,
			"ymin": 927.0,
			"width": 18.0,
			"height": 35.0
		},
		{
			"id": 3,
			"category_id": 1,
			"xmin": 1072.0,
			"ymin": 1163.0,
			"width": 15.0,
			"height": 53.0
		},
		{
			"id": 4,
			"category_id": 1,
			"xmin": 1111.0,
			"ymin": 1192.0,
			"width": 21.0,
			"height": 32.0
		},
		{
			"id": 5,
			"category_id": 1,
			"xmin": 1795.0,
			"ymin": 1187.0,
			"width": 20.0,
			"height": 44.0
		},
		{
			"id": 6,
			"category_id": 1,
			"xmin": 1462.0,
			"ymin": 986.0,
			"width": 20.0,
			"height": 19.0
		},
		{
			"id": 7,
			"category_id": 1,
			"xmin": 1684.0,
			"ymin": 1246.0,
			"width": 15.0,
			"height": 55.0
		},
		{
			"id": 10,
			"category_id": 1,
			"xmin": 628.0,
			"ymin": 1066.0,
			"width": 17.0,
			"height": 16.0
		}
	]
}