{
	"type": "bbox",
	"copyright": "seadronix corp.",
	"date": "20210120_143354",
	"verification": false,
	"image": {
		"file_name": "1570175020_0.png",
		"width": 3840,
		"height": 2160
	},
	"annotations": [
		{
			"id": 0,
			"category_id": 1,
			"xmin": 1437.0,
			"ymin": 1141.0,
			"width": 17.0,
			"height": 45.0
		},
		{
			"id": 1,
			"category_id": 1,
			"xmin": 1400.0,
			"ymin": 1130.0,
			"width": 20.0,
			"height": 44.0
		},
		{
			"id": 2,
			"category_id": 1,
			"xmin": 1411.0,
			"ymin": 1177.0,
			"width": 18.0,
			"height": 29.0
		},
		{
			"id": 3,
			"category_id": 1,
			"xmin": 1380.0,
			"ymin": 1193.0,
			"width": 15.0,
			"height": 42.0
		},
		{
			"id": 4,
			"category_id": 1,
			"xmin": 1344.0,
			"ymin": 1223.0,
			"width": 16.0,
			"height": 58.0
		},
		{
			"id": 5,
			"category_id": 1,
			"xmin": 1017.0,
			"ymin": 1526.0,
			"width": 45.0,
			"height": 87.0
		},
		{
			"id": 6,
			"category_id": 1,
			"xmin": 900.0,
			"ymin": 1685.0,
			"width": 44.0,
			"height": 104.0
		},
		{
			"id": 7,
			"category_id": 1,
			"xmin": 826.0,
			"ymin": 1666.0,
			"width": 57.0,
			"height": 108.0
		},
		{
			"id": 8,
			"category_id": 1,
			"xmin": 1789.0,
			"ymin": 1177.0,
			"width": 19.0,
			"height": 32.0
		}
	]
}