{
	"type": "bbox",
	"copyright": "seadronix corp.",
	"date": "20210120_143343",
	"verification": false,
	"image": {
		"file_name": "1570152235_0.png",
		"width": 3840,
		"height": 2160
	},
	"annotations": [
		{
			"id": 0,
			"category_id": 1,
			"xmin": 1688.0,
			"ymin": 1346.0,
			"width": 16.0,
			"height": 64.0
		},
		{
			"id": 3,
			"category_id": 1,
			"xmin": 1471.0,
			"ymin": 992.0,
			"width": 17.0,
			"height": 17.0
		},
		{
			"id": 4,
			"category_id": 1,
			"xmin": 1114.0,
			"ymin": 1195.0,
			"width": 21.0,
			"height": 29.0
		},
		{
			"id": 5,
			"category_id": 1,
			"xmin": 1097.0,
			"ymin": 1198.0,
			"width": 15.0,
			"height": 26.0
		},
		{
			"id": 6,
			"category_id": 1,
			"xmin": 955.0,
			"ymin": 952.0,
			"width": 13.0,
			"height": 33.0
		},
		{
			"id": 7,
			"category_id": 1,
			"xmin": 711.0,
			"ymin": 1068.0,
			"width": 21.0,
			"height": 40.0
		},
		{
			"id": 8,
			"category_id": 1,
			"xmin": 1004.0,
			"ymin": 1347.0,
			"width": 24.0,
			"height": 72.0
		},
		{
			"id": 9,
			"category_id": 1,
			"xmin": 1800.0,
			"ymin": 1180.0,
			"width": 15.0,
			"height": 27.0
		},
		{
			"id": 8,
			"category_id": 1,
			"xmin": 1835.0,
			"ymin": 1171.0,
			"width": 16.0,
			"height": 35.0
		},
		{
			"id": 9,
			"category_id": 1,
			"xmin": 869.0,
			"ymin": 974.0,
			"width": 21.0,
			"height": 26.0
		}
	]
}