{
	"type": "bbox",
	"copyright": "seadronix corp.",
	"date": "20210120_143348",
	"verification": false,
	"image": {
		"file_name": "1570152250_0.png",
		"width": 3840,
		"height": 2160
	},
	"annotations": [
		{
			"id": 1,
			"category_id": 1,
			"xmin": 1754.0,
			"ymin": 1182.0,
			"width": 18.0,
			"height": 44.0
		},
		{
			"id": 2,
			"category_id": 1,
			"xmin": 939.0,
			"ymin": 955.0,
			"width": 12.0,
			"height": 33.0
		},
		{
			"id": 3,
			"category_id": 1,
			"xmin": 883.0,
			"ymin": 972.0,
			"width": 14.0,
			"height": 26.0
		},
		{
			"id": 4,
			"category_id": 1,
			"xmin": 1177.0,
			"ymin": 1217.0,
			"width": 23.0,
			"height": 58.0
		},
		{
			"id": 5,
			"category_id": 1,
			"xmin": 1115.0,
			"ymin": 1194.0,
			"width": 19.0,
			"height": 27.0
		},
		{
			"id": 6,
			"category_id": 1,
			"xmin": 1097.0,
			"ymin": 1195.0,
			"width": 17.0,
			"height": 29.0
		},
		{
			"id": 7,
			"category_id": 1,
			"xmin": 1593.0,
			"ymin": 1385.0,
			"width": 20.0,
			"height": 65.0
		},
		{
			"id": 7,
			"category_id": 1,
			"xmin": 1828.0,
			"ymin": 1171.0,
			"width": 16.0,
			"height": 31.0
		},
		{
			"id": 8,
			"category_id": 1,
			"xmin": 753.0,
			"ymin": 1075.0,
			"width": 23.0,
			"height": 39.0
		}
	]
}