{
	"type": "bbox",
	"copyright": "seadronix corp.",
	"date": "20210120_143346",
	"verification": false,
	"image": {
		"file_name": "1570152247_0.png",
		"width": 3840,
		"height": 2160
	},
	"annotations": [
		{
			"id": 1,
			"category_id": 1,
			"xmin": 1755.0,
			"ymin": 1179.0,
			"width": 17.0,
			"height": 49.0
		},
		{
			"id": 2,
			"category_id": 1,
			"xmin": 939.0,
			"ymin": 956.0,
			"width": 12.0,
			"height": 30.0
		},
		{
			"id": 3,
			"category_id": 1,
			"xmin": 1115.0,
			"ymin": 1199.0,
			"width": 20.0,
			"height": 23.0
		},
		{
			"id": 4,
			"category_id": 1,
			"xmin": 1136.0,
			"ymin": 1238.0,
			"width": 23.0,
			"height": 59.0
		},
		{
			"id": 5,
			"category_id": 1,
			"xmin": 1096.0,
			"ymin": 1200.0,
			"width": 19.0,
			"height": 24.0
		},
		{
			"id": 6,
			"category_id": 1,
			"xmin": 746.0,
			"ymin": 1073.0,
			"width": 16.0,
			"height": 35.0
		},
		{
			"id": 7,
			"category_id": 1,
			"xmin": 1668.0,
			"ymin": 1346.0,
			"width": 14.0,
			"height": 56.0
		},
		{
			"id": 8,
			"category_id": 1,
			"xmin": 864.0,
			"ymin": 979.0,
			"width": 19.0,
			"height": 30.0
		},
		{
			"id": 8,
			"category_id": 1,
			"xmin": 1825.0,
			"ymin": 1170.0,
			"width": 17.0,
			"height": 34.0
		}
	]
}