{
	"type": "bbox",
	"copyright": "seadronix corp.",
	"date": "20210120_143345",
	"verification": false,
	"image": {
		"file_name": "1570152245_0.png",
		"width": 3840,
		"height": 2160
	},
	"annotations": [
		{
			"id": 1,
			"category_id": 1,
			"xmin": 1699.0,
			"ymin": 1328.0,
			"width": 14.0,
			"height": 57.0
		},
		{
			"id": 2,
			"category_id": 1,
			"xmin": 1772.0,
			"ymin": 1171.0,
			"width": 12.0,
			"height": 49.0
		},
		{
			"id": 3,
			"category_id": 1,
			"xmin": 1122.0,
			"ymin": 1248.0,
			"width": 19.0,
			"height": 62.0
		},
		{
			"id": 4,
			"category_id": 1,
			"xmin": 1112.0,
			"ymin": 1197.0,
			"width": 23.0,
			"height": 27.0
		},
		{
			"id": 5,
			"category_id": 1,
			"xmin": 1094.0,
			"ymin": 1199.0,
			"width": 20.0,
			"height": 25.0
		},
		{
			"id": 6,
			"category_id": 1,
			"xmin": 938.0,
			"ymin": 957.0,
			"width": 13.0,
			"height": 30.0
		},
		{
			"id": 8,
			"category_id": 1,
			"xmin": 747.0,
			"ymin": 1074.0,
			"width": 17.0,
			"height": 32.0
		},
		{
			"id": 8,
			"category_id": 1,
			"xmin": 859.0,
			"ymin": 981.0,
			"width": 17.0,
			"height": 22.0
		},
		{
			"id": 9,
			"category_id": 1,
			"xmin": 1516.0,
			"ymin": 973.0,
			"width": 17.0,
			"height": 33.0
		},
		{
			"id": 9,
			"category_id": 1,
			"xmin": 1827.0,
			"ymin": 1171.0,
			"width": 16.0,
			"height": 33.0
		}
	]
}