{
	"type": "bbox",
	"copyright": "seadronix corp.",
	"date": "20210120_143401",
	"verification": false,
	"image": {
		"file_name": "1570175050_0.png",
		"width": 3840,
		"height": 2160
	},
	"annotations": [
		{
			"id": 0,
			"category_id": 1,
			"xmin": 1410.0,
			"ymin": 1177.0,
			"width": 15.0,
			"height": 29.0
		},
		{
			"id": 1,
			"category_id": 1,
			"xmin": 1385.0,
			"ymin": 1192.0,
			"width": 24.0,
			"height": 29.0
		},
		{
			"id": 2,
			"category_id": 1,
			"xmin": 1349.0,
			"ymin": 1245.0,
			"width": 18.0,
			"height": 43.0
		},
		{
			"id": 3,
			"category_id": 1,
			"xmin": 1308.0,
			"ymin": 1258.0,
			"width": 19.0,
			"height": 58.0
		},
		{
			"id": 4,
			"category_id": 1,
			"xmin": 1288.0,
			"ymin": 1260.0,
			"width": 18.0,
			"height": 57.0
		},
		{
			"id": 5,
			"category_id": 1,
			"xmin": 1330.0,
			"ymin": 1018.0,
			"width": 15.0,
			"height": 39.0
		},
		{
			"id": 6,
			"category_id": 1,
			"xmin": 919.0,
			"ymin": 1665.0,
			"width": 39.0,
			"height": 108.0
		},
		{
			"id": 7,
			"category_id": 1,
			"xmin": 1442.0,
			"ymin": 1143.0,
			"width": 14.0,
			"height": 20.0
		}
	]
}