{
	"type": "bbox",
	"copyright": "seadronix corp.",
	"date": "20210120_143330",
	"verification": false,
	"image": {
		"file_name": "1570152148_0.png",
		"width": 3840,
		"height": 2160
	},
	"annotations": [
		{
			"id": 0,
			"category_id": 1,
			"xmin": 1798.0,
			"ymin": 1187.0,
			"width": 19.0,
			"height": 47.0
		},
		{
			"id": 1,
			"category_id": 1,
			"xmin": 1463.0,
			"ymin": 987.0,
			"width": 15.0,
			"height": 17.0
		},
		{
			"id": 3,
			"category_id": 1,
			"xmin": 989.0,
			"ymin": 942.0,
			"width": 12.0,
			"height": 35.0
		},
		{
			"id": 4,
			"category_id": 1,
			"xmin": 973.0,
			"ymin": 948.0,
			"width": 13.0,
			"height": 30.0
		},
		{
			"id": 5,
			"category_id": 1,
			"xmin": 912.0,
			"ymin": 926.0,
			"width": 17.0,
			"height": 34.0
		},
		{
			"id": 6,
			"category_id": 1,
			"xmin": 1110.0,
			"ymin": 1198.0,
			"width": 21.0,
			"height": 25.0
		},
		{
			"id": 7,
			"category_id": 1,
			"xmin": 1075.0,
			"ymin": 1165.0,
			"width": 16.0,
			"height": 49.0
		},
		{
			"id": 8,
			"category_id": 1,
			"xmin": 631.0,
			"ymin": 1066.0,
			"width": 11.0,
			"height": 19.0
		},
		{
			"id": 9,
			"category_id": 1,
			"xmin": 1682.0,
			"ymin": 1247.0,
			"width": 18.0,
			"height": 53.0
		}
	]
}