{
	"type": "bbox",
	"copyright": "seadronix corp.",
	"date": "20210120_143336",
	"verification": false,
	"image": {
		"file_name": "1570152215_0.png",
		"width": 3840,
		"height": 2160
	},
	"annotations": [
		{
			"id": 0,
			"category_id": 1,
			"xmin": 1861.0,
			"ymin": 1149.0,
			"width": 18.0,
			"height": 42.0
		},
		{
			"id": 1,
			"category_id": 1,
			"xmin": 1762.0,
			"ymin": 1174.0,
			"width": 22.0,
			"height": 43.0
		},
		{
			"id": 2,
			"category_id": 1,
			"xmin": 1470.0,
			"ymin": 991.0,
			"width": 18.0,
			"height": 17.0
		},
		{
			"id": 3,
			"category_id": 1,
			"xmin": 934.0,
			"ymin": 956.0,
			"width": 17.0,
			"height": 31.0
		},
		{
			"id": 4,
			"category_id": 1,
			"xmin": 896.0,
			"ymin": 930.0,
			"width": 15.0,
			"height": 36.0
		},
		{
			"id": 5,
			"category_id": 1,
			"xmin": 1114.0,
			"ymin": 1193.0,
			"width": 17.0,
			"height": 28.0
		},
		{
			"id": 6,
			"category_id": 1,
			"xmin": 1095.0,
			"ymin": 1194.0,
			"width": 20.0,
			"height": 29.0
		},
		{
			"id": 7,
			"category_id": 1,
			"xmin": 665.0,
			"ymin": 1045.0,
			"width": 16.0,
			"height": 29.0
		},
		{
			"id": 8,
			"category_id": 1,
			"xmin": 333.0,
			"ymin": 1773.0,
			"width": 63.0,
			"height": 117.0
		},
		{
			"id": 9,
			"category_id": 1,
			"xmin": 1684.0,
			"ymin": 1366.0,
			"width": 18.0,
			"height": 65.0
		}
	]
}