{
	"type": "bbox",
	"copyright": "seadronix corp.",
	"date": "20210120_143339",
	"verification": false,
	"image": {
		"file_name": "1570152224_0.png",
		"width": 3840,
		"height": 2160
	},
	"annotations": [
		{
			"id": 0,
			"category_id": 1,
			"xmin": 1577.0,
			"ymin": 1432.0,
			"width": 19.0,
			"height": 74.0
		},
		{
			"id": 1,
			"category_id": 1,
			"xmin": 825.0,
			"ymin": 1540.0,
			"width": 44.0,
			"height": 88.0
		},
		{
			"id": 2,
			"category_id": 1,
			"xmin": 1113.0,
			"ymin": 1196.0,
			"width": 23.0,
			"height": 28.0
		},
		{
			"id": 3,
			"category_id": 1,
			"xmin": 1097.0,
			"ymin": 1197.0,
			"width": 18.0,
			"height": 23.0
		},
		{
			"id": 4,
			"category_id": 1,
			"xmin": 922.0,
			"ymin": 959.0,
			"width": 13.0,
			"height": 26.0
		},
		{
			"id": 5,
			"category_id": 1,
			"xmin": 1472.0,
			"ymin": 991.0,
			"width": 18.0,
			"height": 16.0
		},
		{
			"id": 6,
			"category_id": 1,
			"xmin": 1853.0,
			"ymin": 1142.0,
			"width": 17.0,
			"height": 44.0
		},
		{
			"id": 8,
			"category_id": 1,
			"xmin": 903.0,
			"ymin": 930.0,
			"width": 15.0,
			"height": 29.0
		},
		{
			"id": 10,
			"category_id": 1,
			"xmin": 1801.0,
			"ymin": 1183.0,
			"width": 16.0,
			"height": 21.0
		}
	]
}