{
	"type": "bbox",
	"copyright": "seadronix corp.",
	"date": "20210120_143400",
	"verification": false,
	"image": {
		"file_name": "1570175048_0.png",
		"width": 3840,
		"height": 2160
	},
	"annotations": [
		{
			"id": 0,
			"category_id": 1,
			"xmin": 1414.0,
			"ymin": 1180.0,
			"width": 15.0,
			"height": 23.0
		},
		{
			"id": 1,
			"category_id": 1,
			"xmin": 1368.0,
			"ymin": 1199.0,
			"width": 19.0,
			"height": 44.0
		},
		{
			"id": 2,
			"category_id": 1,
			"xmin": 1349.0,
			"ymin": 1204.0,
			"width": 17.0,
			"height": 53.0
		},
		{
			"id": 3,
			"category_id": 1,
			"xmin": 1334.0,
			"ymin": 1227.0,
			"width": 18.0,
			"height": 51.0
		},
		{
			"id": 4,
			"category_id": 1,
			"xmin": 1311.0,
			"ymin": 1219.0,
			"width": 19.0,
			"height": 56.0
		},
		{
			"id": 5,
			"category_id": 1,
			"xmin": 1312.0,
			"ymin": 1029.0,
			"width": 15.0,
			"height": 37.0
		},
		{
			"id": 6,
			"category_id": 1,
			"xmin": 1033.0,
			"ymin": 1529.0,
			"width": 38.0,
			"height": 91.0
		},
		{
			"id": 7,
			"category_id": 1,
			"xmin": 1429.0,
			"ymin": 1138.0,
			"width": 12.0,
			"height": 32.0
		}
	]
}