{
	"type": "bbox",
	"copyright": "seadronix corp.",
	"date": "20210120_143352",
	"verification": false,
	"image": {
		"file_name": "1570175017_0.png",
		"width": 3840,
		"height": 2160
	},
	"annotations": [
		{
			"id": 0,
			"category_id": 1,
			"xmin": 1418.0,
			"ymin": 1139.0,
			"width": 18.0,
			"height": 32.0
		},
		{
			"id": 1,
			"category_id": 1,
			"xmin": 1410.0,
			"ymin": 1179.0,
			"width": 17.0,
			"height": 28.0
		},
		{
			"id": 3,
			"category_id": 1,
			"xmin": 1378.0,
			"ymin": 1204.0,
			"width": 18.0,
			"height": 48.0
		},
		{
			"id": 4,
			"category_id": 1,
			"xmin": 1356.0,
			"ymin": 1195.0,
			"width": 22.0,
			"height": 55.0
		},
		{
			"id": 5,
			"category_id": 1,
			"xmin": 991.0,
			"ymin": 1529.0,
			"width": 41.0,
			"height": 94.0
		},
		{
			"id": 6,
			"category_id": 1,
			"xmin": 825.0,
			"ymin": 1791.0,
			"width": 56.0,
			"height": 82.0
		},
		{
			"id": 7,
			"category_id": 1,
			"xmin": 1161.0,
			"ymin": 1398.0,
			"width": 29.0,
			"height": 75.0
		},
		{
			"id": 8,
			"category_id": 1,
			"xmin": 1787.0,
			"ymin": 1178.0,
			"width": 21.0,
			"height": 26.0
		},
		{
			"id": 8,
			"category_id": 1,
			"xmin": 1451.0,
			"ymin": 1127.0,
			"width": 15.0,
			"height": 31.0
		}
	]
}