{
	"type": "bbox",
	"copyright": "seadronix corp.",
	"date": "20210120_143355",
	"verification": false,
	"image": {
		"file_name": "1570175024_0.png",
		"width": 3840,
		"height": 2160
	},
	"annotations": [
		{
			"id": 0,
			"category_id": 1,
			"xmin": 1412.0,
			"ymin": 1176.0,
			"width": 14.0,
			"height": 29.0
		},
		{
			"id": 1,
			"category_id": 1,
			"xmin": 1396.0,
			"ymin": 1181.0,
			"width": 17.0,
			"height": 34.0
		},
		{
			"id": 2,
			"category_id": 1,
			"xmin": 1342.0,
			"ymin": 1235.0,
			"width": 22.0,
			"height": 58.0
		},
		{
			"id": 3,
			"category_id": 1,
			"xmin": 1355.0,
			"ymin": 1117.0,
			"width": 16.0,
			"height": 42.0
		},
		{
			"id": 4,
			"category_id": 1,
			"xmin": 1121.0,
			"ymin": 1442.0,
			"width": 28.0,
			"height": 73.0
		},
		{
			"id": 5,
			"category_id": 1,
			"xmin": 732.0,
			"ymin": 1796.0,
			"width": 53.0,
			"height": 79.0
		},
		{
			"id": 6,
			"category_id": 1,
			"xmin": 654.0,
			"ymin": 1812.0,
			"width": 72.0,
			"height": 59.0
		},
		{
			"id": 7,
			"category_id": 1,
			"xmin": 1786.0,
			"ymin": 1171.0,
			"width": 14.0,
			"height": 50.0
		},
		{
			"id": 8,
			"category_id": 1,
			"xmin": 1457.0,
			"ymin": 1123.0,
			"width": 13.0,
			"height": 19.0
		},
		{
			"id": 9,
			"category_id": 1,
			"xmin": 1416.0,
			"ymin": 1145.0,
			"width": 17.0,
			"height": 28.0
		}
	]
}