{
	"type": "bbox",
	"copyright": "seadronix corp.",
	"date": "20210120_143335",
	"verification": false,
	"image": {
		"file_name": "1570152211_0.png",
		"width": 3840,
		"height": 2160
	},
	"annotations": [
		{
			"id": 0,
			"category_id": 1,
			"xmin": 1849.0,
			"ymin": 1162.0,
			"width": 15.0,
			"height": 38.0
		},
		{
			"id": 1,
			"category_id": 1,
			"xmin": 1748.0,
			"ymin": 1185.0,
			"width": 14.0,
			"height": 21.0
		},
		{
			"id": 2,
			"category_id": 1,
			"xmin": 1472.0,
			"ymin": 989.0,
			"width": 18.0,
			"height": 20.0
		},
		{
			"id": 3,
			"category_id": 1,
			"xmin": 1116.0,
			"ymin": 1193.0,
			"width": 15.0,
			"height": 28.0
		},
		{
			"id": 4,
			"category_id": 1,
			"xmin": 1100.0,
			"ymin": 1193.0,
			"width": 14.0,
			"height": 26.0
		},
		{
			"id": 5,
			"category_id": 1,
			"xmin": 956.0,
			"ymin": 948.0,
			"width": 17.0,
			"height": 33.0
		},
		{
			"id": 6,
			"category_id": 1,
			"xmin": 920.0,
			"ymin": 960.0,
			"width": 15.0,
			"height": 34.0
		},
		{
			"id": 7,
			"category_id": 1,
			"xmin": 672.0,
			"ymin": 1043.0,
			"width": 15.0,
			"height": 27.0
		},
		{
			"id": 8,
			"category_id": 1,
			"xmin": 218.0,
			"ymin": 1836.0,
			"width": 65.0,
			"height": 116.0
		},
		{
			"id": 9,
			"category_id": 1,
			"xmin": 1693.0,
			"ymin": 1337.0,
			"width": 18.0,
			"height": 57.0
		},
		{
			"id": 10,
			"category_id": 1,
			"xmin": 875.0,
			"ymin": 935.0,
			"width": 18.0,
			"height": 31.0
		}
	]
}