{
	"type": "bbox",
	"copyright": "seadronix corp.",
	"date": "20210120_143351",
	"verification": false,
	"image": {
		"file_name": "1570174999_0.png",
		"width": 3840,
		"height": 2160
	},
	"annotations": [
		{
			"id": 0,
			"category_id": 1,
			"xmin": 1799.0,
			"ymin": 1155.0,
			"width": 15.0,
			"height": 48.0
		},
		{
			"id": 1,
			"category_id": 1,
			"xmin": 1449.0,
			"ymin": 1143.0,
			"width": 13.0,
			"height": 36.0
		},
		{
			"id": 2,
			"category_id": 1,
			"xmin": 1413.0,
			"ymin": 1177.0,
			"width": 16.0,
			"height": 29.0
		},
		{
			"id": 3,
			"category_id": 1,
			"xmin": 1394.0,
			"ymin": 1206.0,
			"width": 23.0,
			"height": 48.0
		},
		{
			"id": 4,
			"category_id": 1,
			"xmin": 1372.0,
			"ymin": 1213.0,
			"width": 11.0,
			"height": 47.0
		},
		{
			"id": 5,
			"category_id": 1,
			"xmin": 1288.0,
			"ymin": 1254.0,
			"width": 16.0,
			"height": 59.0
		},
		{
			"id": 6,
			"category_id": 1,
			"xmin": 1363.0,
			"ymin": 1210.0,
			"width": 15.0,
			"height": 41.0
		},
		{
			"id": 7,
			"category_id": 1,
			"xmin": 1096.0,
			"ymin": 1448.0,
			"width": 41.0,
			"height": 85.0
		}
	]
}