{
	"type": "bbox",
	"copyright": "seadronix corp.",
	"date": "20210120_143331",
	"verification": false,
	"image": {
		"file_name": "1570152204_0.png",
		"width": 3840,
		"height": 2160
	},
	"annotations": [
		{
			"id": 1,
			"category_id": 1,
			"xmin": 1473.0,
			"ymin": 988.0,
			"width": 13.0,
			"height": 22.0
		},
		{
			"id": 3,
			"category_id": 1,
			"xmin": 1096.0,
			"ymin": 1177.0,
			"width": 16.0,
			"height": 45.0
		},
		{
			"id": 4,
			"category_id": 1,
			"xmin": 957.0,
			"ymin": 948.0,
			"width": 15.0,
			"height": 34.0
		},
		{
			"id": 5,
			"category_id": 1,
			"xmin": 936.0,
			"ymin": 960.0,
			"width": 14.0,
			"height": 27.0
		},
		{
			"id": 6,
			"category_id": 1,
			"xmin": 877.0,
			"ymin": 934.0,
			"width": 17.0,
			"height": 35.0
		},
		{
			"id": 7,
			"category_id": 1,
			"xmin": 681.0,
			"ymin": 1042.0,
			"width": 15.0,
			"height": 28.0
		},
		{
			"id": 8,
			"category_id": 1,
			"xmin": 215.0,
			"ymin": 1836.0,
			"width": 73.0,
			"height": 128.0
		},
		{
			"id": 9,
			"category_id": 1,
			"xmin": 1563.0,
			"ymin": 1281.0,
			"width": 17.0,
			"height": 55.0
		},
		{
			"id": 10,
			"category_id": 1,
			"xmin": 1754.0,
			"ymin": 1182.0,
			"width": 16.0,
			"height": 26.0
		},
		{
			"id": 9,
			"category_id": 1,
			"xmin": 1118.0,
			"ymin": 1197.0,
			"width": 20.0,
			"height": 28.0
		}
	]
}