{
	"type": "bbox",
	"copyright": "seadronix corp.",
	"date": "20210120_143402",
	"verification": false,
	"image": {
		"file_name": "1570175059_0.png",
		"width": 3840,
		"height": 2160
	},
	"annotations": [
		{
			"id": 0,
			"category_id": 1,
			"xmin": 1412.0,
			"ymin": 1173.0,
			"width": 14.0,
			"height": 31.0
		},
		{
			"id": 1,
			"category_id": 1,
			"xmin": 1332.0,
			"ymin": 1196.0,
			"width": 16.0,
			"height": 54.0
		},
		{
			"id": 2,
			"category_id": 1,
			"xmin": 1350.0,
			"ymin": 1245.0,
			"width": 22.0,
			"height": 37.0
		},
		{
			"id": 3,
			"category_id": 1,
			"xmin": 1063.0,
			"ymin": 1479.0,
			"width": 46.0,
			"height": 92.0
		},
		{
			"id": 4,
			"category_id": 1,
			"xmin": 1049.0,
			"ymin": 1530.0,
			"width": 43.0,
			"height": 89.0
		},
		{
			"id": 5,
			"category_id": 1,
			"xmin": 1008.0,
			"ymin": 1533.0,
			"width": 35.0,
			"height": 85.0
		},
		{
			"id": 6,
			"category_id": 1,
			"xmin": 1293.0,
			"ymin": 1015.0,
			"width": 16.0,
			"height": 20.0
		},
		{
			"id": 7,
			"category_id": 1,
			"xmin": 1753.0,
			"ymin": 1183.0,
			"width": 15.0,
			"height": 33.0
		}
	]
}