{
	"type": "bbox",
	"copyright": "seadronix corp.",
	"date": "20210120_143354",
	"verification": false,
	"image": {
		"file_name": "1570175021_0.png",
		"width": 3840,
		"height": 2160
	},
	"annotations": [
		{
			"id": 0,
			"category_id": 1,
			"xmin": 736.0,
			"ymin": 1789.0,
			"width": 55.0,
			"height": 76.0
		},
		{
			"id": 1,
			"category_id": 1,
			"xmin": 843.0,
			"ymin": 1646.0,
			"width": 62.0,
			"height": 101.0
		},
		{
			"id": 2,
			"category_id": 1,
			"xmin": 1031.0,
			"ymin": 1556.0,
			"width": 42.0,
			"height": 89.0
		},
		{
			"id": 3,
			"category_id": 1,
			"xmin": 1354.0,
			"ymin": 1237.0,
			"width": 17.0,
			"height": 52.0
		},
		{
			"id": 4,
			"category_id": 1,
			"xmin": 1382.0,
			"ymin": 1126.0,
			"width": 15.0,
			"height": 45.0
		},
		{
			"id": 5,
			"category_id": 1,
			"xmin": 1393.0,
			"ymin": 1184.0,
			"width": 11.0,
			"height": 36.0
		},
		{
			"id": 6,
			"category_id": 1,
			"xmin": 1410.0,
			"ymin": 1178.0,
			"width": 15.0,
			"height": 29.0
		},
		{
			"id": 7,
			"category_id": 1,
			"xmin": 1448.0,
			"ymin": 1140.0,
			"width": 13.0,
			"height": 37.0
		},
		{
			"id": 8,
			"category_id": 1,
			"xmin": 1789.0,
			"ymin": 1177.0,
			"width": 18.0,
			"height": 31.0
		}
	]
}